2007-3-1;21.48;21.89;19.67;20.1;0
2007-3-2;20.19;20.38;19.71;19.93;0
2007-3-5;19.75;19.83;18.7;19.06;0
2007-3-6;18.9;19.76;18.79;19.44;0
2007-3-7;19.45;20.14;19.29;19.96;0
2007-3-8;19.8;19.9;19.62;19.72;0
2007-3-9;19.71;19.8;19.2;19.56;0
2007-3-12;19.46;19.46;19.11;19.2;0
2007-3-13;19.25;19.44;19.17;19.28;0
2007-3-14;19.03;19.37;18.81;19.3;0
2007-3-15;19.55;19.97;19.24;19.31;0
2007-3-16;19.32;19.74;19.07;19.42;0
2007-3-20;20.1;20.15;19.54;19.66;0
2007-3-21;19.67;19.76;19.29;19.37;0
2007-3-22;19.52;19.72;19.43;19.48;0
2007-3-23;19.47;19.56;19.2;19.4;0
2007-3-26;19.41;19.84;19.41;19.73;0
2007-3-27;19.67;19.91;19.6;19.72;0
2007-3-28;19.71;20.14;19.58;20.01;0
2007-3-29;20.11;20.96;19.96;20.36;0
2007-3-30;20.17;20.56;20.07;20.21;0
2007-4-2;20.21;20.92;20.21;20.78;0
2007-4-3;20.8;20.94;20.57;20.71;0
2007-4-4;20.71;20.83;20.42;20.53;0
2007-4-5;20.53;20.62;20.27;20.58;0
2007-4-6;20.48;21.03;20.4;20.62;0
2007-4-9;20.66;22.29;20.49;22.17;0
2007-4-10;21.91;23.06;21.91;22.69;0
2007-4-11;22.71;23.7;22.59;23;0
2007-4-12;23.19;24.91;22.74;22.95;0
2007-4-13;23.24;24.24;23.19;23.64;0
2007-4-16;23.91;24.29;23.91;24.23;0
2007-4-17;24.25;24.49;23.02;23.69;0
2007-4-18;23.62;23.66;22.94;23.16;0
2007-4-19;22.98;23.32;21.57;22.33;0
2007-4-20;22.62;24.22;22.49;23.77;0
2007-4-23;23.78;24.73;23.57;24.47;0
2007-4-24;24.91;24.92;23.95;23.98;0
2007-4-25;23.68;24.78;23.58;24.36;0
2007-4-26;24.3;25.2;24.3;25.13;0
2007-4-27;25.15;27.64;25.04;27.32;0
2007-4-30;27.15;29.13;26.79;28.28;0
2007-5-8;29.12;29.2;27.92;28.23;0
2007-5-9;27.7;28.69;27.06;28.23;0
2007-5-10;28.25;28.35;27.62;27.7;0
2007-5-11;27.27;27.45;26.27;26.98;0
2007-5-14;26.54;28.64;25.77;27.49;0
2007-5-15;27.66;27.7;26.39;26.43;0
2007-5-16;26.42;27.05;26.07;26.77;0
2007-5-17;26.77;27.39;26.63;27;0
2007-5-18;26.84;26.99;26.21;26.72;0
2007-5-21;26.16;27.74;26.11;27.26;0
2007-5-22;27.27;28.19;27.26;27.49;0
2007-5-23;27.55;27.92;27.32;27.58;0
2007-5-24;27.49;27.92;26.37;26.81;0
2007-5-25;26.62;27.13;26.46;26.6;0
2007-5-28;26.66;27.75;26.63;27.7;0
2007-5-29;27.7;28.13;27.58;27.91;0
2007-5-30;26.33;27.65;25.13;25.33;0
2007-5-31;25.77;26.85;25.15;26.17;0
2007-6-1;25.81;26.85;25.59;26.01;0
2007-6-4;26.01;26.21;23.97;24.49;0
2007-6-5;24.31;25.17;23.14;24.48;0
2007-6-6;24.59;25.38;24.27;24.78;0
2007-6-8;25.56;25.84;24.8;25.42;0
2007-6-11;25.35;27.05;25.35;26.86;0
2007-6-12;26.97;28.04;26.92;27.66;0
2007-6-13;27.7;28.17;27.05;27.35;0
2007-6-14;27.62;28.39;27.32;27.67;0
2007-6-15;27.66;28.29;27.52;28.08;0
2007-6-18;28.67;30.89;28.57;30.89;0
2007-6-19;30.93;31.7;30.28;30.57;0
2007-6-20;30.5;31.74;30.32;30.35;0
2007-6-21;30.28;33.28;30.28;31.75;0
2007-6-22;31.78;32.97;31.45;32.22;0
2007-6-25;32.53;33.41;31.35;31.99;0
2007-6-26;31.36;31.96;30.85;31.53;0
2007-6-27;31.54;33.26;31.54;32.82;0
2007-6-28;32.88;32.95;31.46;31.49;0
2007-6-29;30.8;31.45;30.67;30.81;0
2007-7-2;30.59;30.85;29.47;30.02;0
2007-7-3;30.07;31.25;30.07;30.97;0
2007-7-4;30.85;31.23;30.16;30.29;0
2007-7-5;30.16;31.45;29.86;30.21;0
2007-7-6;30.16;31.38;30.09;31.37;0
2007-7-9;31.66;32.73;31.4;32.46;0
2007-7-10;32.73;33.69;32.48;33.31;0
2007-7-11;33.25;33.25;32.48;33.14;0
2007-7-12;33.2;35.04;32.78;34.42;0
2007-7-13;34.64;35.19;33.82;34.26;0
2007-7-16;34.38;36.48;34.38;35.41;0
2007-7-17;35.41;35.41;33.83;35.31;0
2007-7-18;34.9;36.36;34.69;35.2;0
2007-7-19;35.06;35.06;33.91;34.03;0
2007-7-20;34.38;36.86;34.29;36.26;0
2007-7-23;36.32;36.49;35.18;35.95;0
2007-7-24;36.06;36.19;35.05;35.55;0
2007-7-25;35.55;35.55;34.42;35.42;0
2007-7-26;35.49;35.58;34.55;34.9;0
2007-7-27;34.66;35.07;34.03;34.51;0
2007-7-30;34.52;35.27;34.51;35.04;0
2007-7-31;35.04;36.08;34.29;35.97;0
2007-8-1;36.49;36.49;34.46;34.52;0
2007-8-2;35.07;35.84;34.51;35.25;0
2007-8-3;35.37;38.77;35.37;38.25;0
2007-8-6;38.34;39.68;37.48;38.88;0
2007-8-7;38.86;39.16;38;38.2;0
2007-8-8;37.89;38.72;37.48;38.08;0
2007-8-9;38.34;41.8;38.2;40.9;0
2007-8-10;40.28;42.21;39.66;41.09;0
2007-8-13;41.01;41.94;39.98;40.7;0
2007-8-14;40.72;42.35;40.71;42.21;0
2007-8-15;42.21;42.86;40.97;42.21;0
2007-8-16;41.78;42.21;39.42;40.13;0
2007-8-17;41.36;41.36;38.23;38.41;0
2007-8-20;39.76;40.58;39.29;39.86;0
2007-8-21;39.86;40.62;39.63;40;0
2007-8-22;39.63;40.65;39.34;40;0
2007-8-23;40.17;40.65;39.5;40.22;0
2007-8-24;40.5;42.8;40.5;42.09;0
2007-8-27;42.52;43.8;42.52;42.77;0
2007-8-28;42.75;45.7;42.09;44.56;0
2007-8-29;43.42;44.37;42.65;42.7;0
2007-8-30;43.1;43.9;42.74;43.47;0
2007-8-31;43.46;44.5;43;43.98;0
2007-9-3;44.27;45.61;44.26;44.49;0
2007-9-4;44.45;44.89;42.97;43.01;0
2007-9-5;42.78;43.77;41.78;42.35;0
2007-9-6;42.52;43.38;42.09;43.16;0
2007-9-7;42.91;43.6;41.72;41.78;0
2007-9-10;41.43;42.56;41.01;42.29;0
2007-9-11;41.91;43.55;41.22;41.55;0
2007-9-12;41.87;43.34;41.87;43.27;0
2007-9-13;43.98;45.15;43.64;44.6;0
2007-9-14;44.81;45.58;44.29;45.4;0
2007-9-17;45.45;47.44;45.45;46.38;0
2007-9-18;46.4;46.65;44.97;45.25;0
2007-9-19;46.1;49.24;46.05;48.76;0
2007-9-20;48.39;52.66;48.35;51.04;0
2007-9-21;50.84;52.23;50.44;51.59;0
2007-9-24;51.17;53.47;50.5;52.63;0
2007-9-25;53.52;57.75;53.52;55.88;0
2007-9-26;56.12;58;53.96;54.37;0
2007-9-27;54.43;56.89;51.88;56.76;0
2007-9-28;58.92;59.14;57.41;58.25;0
2007-10-8;59.14;62.93;58.45;61.03;0
2007-10-9;60.86;62.8;60;62.14;0
2007-10-10;62.42;62.75;60.47;60.86;0
2007-10-11;60.86;62.93;59.57;62.21;0
2007-10-12;62.24;62.24;58.92;60.74;0
2007-10-15;60.47;61.16;58.92;59.57;0
2007-10-16;59.57;61.03;58.92;59.14;0
2007-10-17;59.14;60.13;58.7;58.91;0
2007-10-18;60;61.12;58.27;58.81;0
2007-10-19;59.91;59.96;57.41;58.23;0
2007-10-22;57.19;60.17;56.76;59.97;0
2007-10-23;59.96;61.18;59.57;61.16;0
2007-10-24;61.74;64.44;61.29;62.58;0
2007-10-25;62.59;64.32;59.57;60.43;0
2007-10-26;59.14;61.51;59.14;60.6;0
2007-10-29;60.21;62.59;59.16;60.68;0
2007-10-30;60.69;61.68;59.52;60.93;0
2007-10-31;61.81;62.42;60.21;60.37;0
2007-11-1;60.82;61.21;58.99;59.13;0
2007-11-2;58.49;58.92;56.68;56.84;0
2007-11-5;56.37;57.25;54.17;54.81;0
2007-11-6;54.81;55.63;53.96;54.73;0
2007-11-7;55.25;55.47;51.92;53.51;0
2007-11-8;53.52;53.52;50.79;51.01;0
2007-11-9;50.85;52.24;50.68;51.28;0
2007-11-12;50.07;51.8;49.21;50.59;0
2007-11-13;51.5;52.62;48.5;49.72;0
2007-11-14;51.19;53.58;50.08;53.53;0
2007-11-15;52.66;55.11;52.61;53.41;0
2007-11-16;52.66;53.95;51.63;52.67;0
2007-11-19;52.66;53.01;50.67;51.01;0
2007-11-20;50.5;51.35;49.16;51.07;0
2007-11-21;51.06;51.53;49.98;50.03;0
2007-11-22;48.78;49.42;45.32;46.14;0
2007-11-23;45.32;47.04;45.3;46.87;0
2007-11-26;48;48.35;45.4;45.73;0
2007-11-27;45.61;45.97;43.51;43.59;0
2007-11-28;43.66;45.02;43.56;44.18;0
2007-11-29;45.09;47.65;44.63;47.47;0
2007-11-30;47.48;47.91;46.23;46.93;0
2007-12-3;47.01;49.04;46.4;49;0
2007-12-4;48.82;51.88;48.78;50.43;0
2007-12-5;50.29;51.85;50.16;51.39;0
2007-12-6;51.42;51.8;50.93;51.34;0
2007-12-7;50.93;52.74;50.93;51.78;0
2007-12-10;51.02;52.4;50.55;52.23;0
2007-12-11;52.25;52.4;49.42;50.66;0
2007-12-12;50.07;50.07;47.84;47.96;0
2007-12-13;47.38;48.56;46.12;46.2;0
2007-12-14;45.75;47.08;45.25;46.83;0
2007-12-17;46.79;46.79;43.64;43.67;0
2007-12-18;43.08;44.86;42.95;44.01;0
2007-12-19;44.87;45.56;44.03;45.03;0
2007-12-20;45.39;45.96;44.45;45.49;0
2007-12-21;45.5;47.44;45.5;46.7;0
2007-12-24;47.39;48.47;46.5;47.8;0
2007-12-25;47.86;47.92;45.88;46.5;0
2007-12-26;46.48;46.83;44.47;45.58;0
2007-12-27;45.58;46.83;44.01;46.72;0
2007-12-28;46.59;46.61;45.24;45.8;0
2008-1-2;45.67;45.67;44.34;44.46;0
2008-1-3;44.27;44.33;42.9;43.95;0
2008-1-4;43.87;45.1;43.16;44.99;0
2008-1-7;44.68;44.68;43.18;44.2;0
2008-1-8;44.37;46.33;44.37;45.79;0
2008-1-9;45.54;46.23;45.24;45.85;0
2008-1-10;45.97;46.4;44.75;46.22;0
2008-1-11;46.41;47.72;46.41;47.35;0
2008-1-14;47.71;48.73;47.05;47.24;0
2008-1-15;47.27;47.43;44.89;45.34;0
2008-1-16;44.46;44.67;43.23;43.47;0
2008-1-17;43.16;43.81;41.78;42.98;0
2008-1-18;42.97;43.16;41.74;42.39;0
2008-1-21;42.39;42.39;38.15;38.15;0
2008-1-22;36.26;36.26;34.34;34.34;0
2008-1-23;33.67;35.4;33.04;34.73;0
2008-1-24;35.4;35.48;33.15;34.5;0
2008-1-25;34.35;35.35;33.63;34.79;0
2008-1-28;34.1;34.32;31.31;31.31;0
2008-1-29;32.37;32.77;30.63;31.29;0
2008-1-30;31.94;32.32;29.78;30.69;0
2008-1-31;30.55;31.53;30.3;31;0
2008-2-1;31.25;32.27;30.79;31.94;0
2008-2-4;32.78;34.45;32.76;34.17;0
2008-2-5;34.05;34.05;33.06;33.43;0
2008-2-13;31.94;32.16;30.86;31.04;0
2008-2-14;31.42;32.29;31.27;32.11;0
2008-2-15;31.73;32.81;31.42;32.79;0
2008-2-18;33.17;33.71;32.93;33.45;0
2008-2-19;33.41;33.41;32.16;33.19;0
2008-2-20;33.13;33.13;31.93;32.13;0
2008-2-21;31.92;31.92;30.63;31.3;0
2008-2-22;30.71;30.88;29.78;29.97;0
2008-2-25;30.02;30.34;28.06;28.22;0
2008-2-26;29.96;30.27;28.49;29.37;0
2008-2-27;29.72;31.29;29.35;31;0
2008-2-28;30.65;30.92;30.08;30.22;0
2008-2-29;30.22;31.29;29.94;30.73;0
2008-3-3;30.47;30.97;29.34;30.26;0
2008-3-4;30.21;30.26;28.92;28.96;0
2008-3-6;30.21;31.86;29.09;31.24;0
2008-3-7;30.39;30.39;28.58;29.21;0
2008-3-10;28.77;28.83;27.74;27.84;0
2008-3-11;27.66;27.99;26.97;27.56;0
2008-3-12;28.57;28.69;27.06;27.54;0
2008-3-13;27.41;27.43;26.7;27.36;0
2008-3-14;27.31;27.41;26.48;27.22;0
2008-3-17;26.76;26.81;25.68;25.82;0
2008-3-18;25.8;26.22;23.9;24.35;0
2008-3-19;25.15;25.15;24.09;24.58;0
2008-3-20;22.45;24.78;22.12;24.15;0
2008-3-21;24.34;24.99;23.73;24.2;0
2008-3-24;24.36;24.45;21.78;21.82;0
2008-3-25;21.15;22.75;20.85;22.05;0
2008-3-26;22.15;23.09;21.8;22.53;0
2008-3-27;21.75;22.36;21.06;21.15;0
2008-3-28;21.33;23.08;21.02;22.94;0
2008-3-31;22.22;23.43;22.06;22.84;0
2008-4-1;22.66;23.4;22.06;23.03;0
2008-4-2;23.63;25.33;23.35;24.54;0
2008-4-3;24;25.55;23.83;25.48;0
2008-4-7;25.85;27.11;25.48;26.85;0
2008-4-8;26.62;26.89;25.8;26.52;0
2008-4-9;25.9;26.2;24.56;24.66;0
2008-4-10;24.48;25.24;23.78;25.2;0
2008-4-11;25.47;25.81;24.85;25.36;0
2008-4-14;24.56;24.72;23.4;23.69;0
2008-4-15;23.66;24.43;22.36;24.16;0
2008-4-16;23.87;24.3;23.4;23.46;0
2008-4-17;23.52;24.77;23.52;24.31;0
2008-4-18;23.74;24.6;23.41;23.85;0
2008-4-21;26.2;26.2;24;24.6;0
2008-4-22;24.19;25.25;23.27;25.09;0
2008-4-23;24.95;26.33;24.61;26.21;0
2008-4-24;28.7;28.83;28.04;28.83;0
2008-4-25;28.92;30.12;28.7;28.93;0
2008-4-28;27.84;28.49;27.59;27.93;0
2008-4-29;27.71;28.29;27.6;28.08;0
2008-4-30;28.92;30.12;28.64;29.78;0
2008-5-5;30.22;30.43;29.22;29.62;0
2008-5-6;29.35;29.48;28.92;29.15;0
2008-5-7;29.15;29.35;26.74;26.8;0
2008-5-8;26.5;27.31;26.12;27.06;0
2008-5-9;28.4;28.77;27.12;27.66;0
2008-5-12;26.81;27.75;26.28;27.12;0
2008-5-14;26.05;27.18;26.05;27.15;0
2008-5-15;27.32;27.63;26.55;26.63;0
2008-5-16;26.76;27.28;26.19;26.56;0
2008-5-19;26.58;26.69;25.6;25.99;0
2008-5-20;25.99;26.46;24.56;24.62;0
2008-5-21;24.6;25.04;23.9;25.02;0
2008-5-22;24.73;24.73;24.06;24.16;0
2008-5-23;24.3;24.82;24.07;24.3;0
2008-5-26;23.95;23.95;23;23.03;0
2008-5-27;23.09;23.56;22.7;23.54;0
2008-5-28;23.65;24.68;23.32;24.3;0
2008-5-29;24.26;24.35;23.45;23.48;0
2008-5-30;23.74;24.56;23.74;24.52;0
2008-6-2;24.35;25.05;23.96;24.78;0
2008-6-3;24.59;24.89;24.13;24.26;0
2008-6-4;24.15;24.38;23.46;23.65;0
2008-6-5;23.52;23.99;23.47;23.75;0
2008-6-6;23.89;24.25;23.53;23.76;0
2008-6-10;22.43;22.85;21.56;21.83;0
2008-6-11;21.71;22.28;21.56;21.95;0
2008-6-12;21.78;21.84;21.04;21.51;0
2008-6-13;21.52;21.86;21.25;21.36;0
2008-6-16;21.46;21.87;21.06;21.75;0
2008-6-17;21.77;21.9;21.17;21.4;0
2008-6-18;21.29;22.43;20.69;22.24;0
2008-6-19;22.03;22.04;20.73;20.86;0
2008-6-20;20.88;22.69;20.49;21.93;0
2008-6-23;21.47;21.82;21.12;21.2;0
2008-6-24;21.25;21.99;21.17;21.63;0
2008-6-25;21.63;22.43;21.48;22.2;0
2008-6-26;22.2;22.74;22.13;22.51;0
2008-6-27;21.41;21.86;21.32;21.36;0
2008-6-30;21.36;21.8;21.24;21.45;0
2008-7-1;21.56;21.58;20.64;20.83;0
2008-7-2;20.64;20.99;18.75;18.75;0
2008-7-3;17.85;18.42;16.88;17.66;0
2008-7-4;17.33;17.64;17.14;17.5;0
2008-7-7;17.42;18.47;17.42;18.28;0
2008-7-8;18.28;18.65;17.33;17.56;0
2008-7-9;17.93;19.08;17.86;19.07;0
2008-7-10;18.6;19.3;18.51;18.75;0
2008-7-11;18.67;18.9;18.23;18.8;0
2008-7-14;18.53;19.1;18.51;18.82;0
2008-7-15;18.82;18.88;17.64;17.69;0
2008-7-16;17.42;17.42;16.93;17.16;0
2008-7-18;17.44;17.95;16.99;17.89;0
2008-7-21;17.64;18.82;17.56;18.69;0
2008-7-22;18.6;18.9;18.49;18.73;0
2008-7-23;18.86;19.47;18.85;19.11;0
2008-7-24;19.43;20.69;19.43;20.46;0
2008-7-25;20;20.23;19.6;20.01;0
2008-7-28;20.06;20.51;19.38;19.56;0
2008-7-29;19.12;19.29;18.91;19.18;0
2008-7-30;19.64;19.7;18.98;19.15;0
2008-7-31;19.29;19.32;18.68;18.72;0
2008-8-1;18.59;19.72;18.48;19.51;0
2008-8-4;19.16;19.71;19.08;19.12;0
2008-8-5;19.16;19.66;19.08;19.25;0
2008-8-6;19.47;20.11;19.38;19.93;0
2008-8-7;19.9;20.05;19.56;19.86;0
2008-8-8;19.71;19.86;18.73;18.79;0
2008-8-11;18.76;19.07;17.94;18.15;0
2008-8-12;18.08;18.51;18.04;18.3;0
2008-8-13;18.07;18.25;17.64;17.84;0
2008-8-14;17.78;18.24;17.64;17.89;0
2008-8-15;17.9;18.49;17.77;18.22;0
2008-8-18;18.26;18.29;17.42;17.43;0
2008-8-19;17.37;17.96;17.2;17.88;0
2008-8-20;17.72;19.66;17.64;19.58;0
2008-8-21;19.16;19.47;18.77;18.78;0
2008-8-22;18.42;18.93;18.32;18.67;0
2008-8-25;18.73;19.43;18.34;18.93;0
2008-8-26;18.73;19.23;18.56;19.14;0
2008-8-27;19.21;19.8;19.12;19.48;0
2008-8-28;19.66;20.35;19.66;19.86;0
2008-8-29;19.94;20.33;19.94;20;0
2008-9-1;19.82;19.82;19.12;19.42;0
2008-9-2;19.38;19.66;19.15;19.32;0
2008-9-3;19.48;19.62;18.73;19.07;0
2008-9-4;18.84;19.07;18.29;18.73;0
2008-9-5;18.21;18.4;18.03;18.2;0
2008-9-8;18.37;18.77;18.08;18.66;0
2008-9-9;18.73;18.77;18.41;18.61;0
2008-9-10;18.38;18.95;18.16;18.38;0
2008-9-11;18.25;18.51;17.13;17.16;0
2008-9-12;17.3;17.83;17.23;17.54;0
2008-9-16;16.88;16.88;15.79;16.06;0
2008-9-17;15.9;16.17;14.45;14.62;0
2008-9-18;13.58;14.33;13.15;13.35;0
2008-9-19;14.69;14.69;14.49;14.69;0
2008-9-22;16.16;16.16;15.57;16.16;0
2008-9-23;15.68;16.06;15.5;15.51;0
2008-9-24;15.24;15.46;14.86;15.44;0
2008-9-25;15.5;16.98;15.44;15.79;0
2008-9-26;15.55;15.66;14.21;14.49;0
2008-10-6;14.85;15.01;14.37;14.63;0
2008-10-7;13.6;14.46;13.57;14;0
2008-10-8;13.45;13.72;12.63;12.71;0
2008-10-9;12.86;13.08;12.01;12.73;0
2008-10-10;12.01;12.46;11.94;12.16;0
2008-10-13;12.26;13.17;11.84;13.12;0
2008-10-14;13.98;13.99;12.89;12.93;0
2008-10-15;12.28;12.72;12.21;12.56;0
2008-10-16;11.87;11.94;11.4;11.52;0
2008-10-17;11.74;11.79;11.39;11.49;0
2008-10-20;11.34;11.83;10.84;11.73;0
2008-10-21;11.73;11.79;11.36;11.4;0
2008-10-22;11.09;11.3;10.91;10.96;0
2008-10-23;10.52;10.74;10.34;10.56;0
2008-10-24;10.57;10.64;9.89;9.91;0
2008-10-27;9.57;9.57;8.98;9.14;0
2008-10-28;9.11;9.39;8.72;9.11;0
2008-10-29;9.29;9.81;9.18;9.32;0
2008-10-30;9.15;10.25;8.86;10.25;0
2008-10-31;9.97;10.31;9.86;9.96;0
2008-11-3;9.94;10.76;9.9;10.38;0
2008-11-4;10.25;10.56;10.01;10.42;0
2008-11-5;10.52;11.46;10.52;11.09;0
2008-11-6;10.61;10.91;10.5;10.52;0
2008-11-7;10.21;11.16;10.19;11.02;0
2008-11-10;11.48;11.87;11.17;11.6;0
2008-11-11;11.3;11.56;11.18;11.32;0
2008-11-12;11.16;11.55;10.91;11.19;0
2008-11-13;10.9;11.7;10.55;11.38;0
2008-11-14;11.68;11.83;11.41;11.65;0
2008-11-17;11.57;11.98;11.44;11.91;0
2008-11-18;11.74;12.04;10.72;10.72;0
2008-11-19;10.61;11.37;10.09;11.22;0
2008-11-20;10.69;11.02;10.46;10.57;0
2008-11-21;10.13;11;10.03;10.72;0
2008-11-24;10.63;10.67;10.17;10.19;0
2008-11-25;10.49;10.52;10.17;10.28;0
2008-11-26;10.16;10.52;10.16;10.37;0
2008-11-27;11.01;11.2;10.44;10.47;0
2008-11-28;10.34;10.45;9.81;9.85;0
2008-12-1;9.85;9.96;9.47;9.89;0
2008-12-2;9.51;10.13;9.5;9.88;0
2008-12-3;10.02;10.52;10;10.49;0
2008-12-4;10.78;11.55;10.78;11.28;0
2008-12-5;11.24;11.64;11.19;11.51;0
2008-12-8;11.8;12.11;11.64;12.05;0
2008-12-9;12.01;12.14;11.6;11.69;0
2008-12-10;11.57;12.34;11.46;12.19;0
2008-12-11;12.05;12.55;11.96;12.12;0
2008-12-12;11.98;12.12;11.17;11.37;0
2008-12-15;11.66;12.2;11.59;11.82;0
2008-12-16;11.62;11.97;11.39;11.96;0
2008-12-17;12.15;12.51;12.05;12.08;0
2008-12-18;12.08;12.98;11.84;12.95;0
2008-12-19;12.71;13.71;12.66;13.29;0
2008-12-22;13.18;13.35;12.44;12.59;0
2008-12-23;12.58;12.58;11.83;11.84;0
2008-12-24;11.74;12.07;11.7;11.88;0
2008-12-25;11.83;11.95;11.44;11.7;0
2008-12-26;11.57;12.05;11.48;11.75;0
2008-12-29;11.61;11.8;11.35;11.6;0
2008-12-30;11.6;11.8;11.41;11.49;0
2008-12-31;11.54;11.95;11.49;11.65;0
2009-1-5;12.23;12.69;12.09;12.64;0
2009-1-6;12.58;13.31;12.54;13.08;0
2009-1-7;13.04;13.24;12.86;13.09;0
2009-1-8;12.62;12.73;12.29;12.42;0
2009-1-9;12.38;12.77;12.38;12.45;0
2009-1-12;12.36;12.58;12.18;12.23;0
2009-1-13;12.01;12.42;11.96;12.09;0
2009-1-14;12.26;13.1;12.19;13.08;0
2009-1-15;12.79;13.04;12.58;12.91;0
2009-1-16;13.01;13.57;12.71;12.93;0
2009-1-19;13.14;13.63;13.14;13.29;0
2009-1-20;13.15;13.4;12.84;13.25;0
2009-1-21;12.93;13.32;12.71;12.83;0
2009-1-22;13;13.18;12.68;12.85;0
2009-1-23;12.75;12.94;12.6;12.65;0
2009-2-2;12.93;13.05;12.72;12.84;0
2009-2-3;12.81;13.3;12.75;13.19;0
2009-2-4;13.28;13.67;13.28;13.6;0
2009-2-5;13.68;14.57;13.65;14.22;0
2009-2-6;14.33;15.07;14.32;14.88;0
2009-2-9;15.12;15.41;14.9;15;0
2009-2-10;14.84;15.25;14.73;15.02;0
2009-2-11;14.68;15.34;14.6;14.85;0
2009-2-12;14.99;15.14;14.42;14.81;0
2009-2-13;14.81;15.56;14.63;15.38;0
2009-2-16;15.47;16.08;15.47;15.74;0
2009-2-17;15.72;15.77;14.9;14.96;0
2009-2-18;14.52;14.72;14.01;14.14;0
2009-2-19;14.29;14.5;14.03;14.31;0
2009-2-20;14.32;14.55;14.11;14.48;0
2009-2-23;14.36;15.02;13.96;14.96;0
2009-2-24;14.64;14.74;13.93;14.14;0
2009-2-25;14.36;14.7;13.85;14.58;0
2009-2-26;14.45;14.95;13.98;14.11;0
2009-2-27;13.98;14.58;13.72;14;0
2009-3-2;13.99;13.99;13.34;13.71;0
2009-3-3;13.2;13.45;13.07;13.21;0
2009-3-4;13.34;14.53;13.34;14.53;0
2009-3-5;14.99;15.38;14.68;15.11;0
2009-3-6;14.68;15.18;14.65;14.89;0
2009-3-9;15.07;15.42;14.39;14.43;0
2009-3-10;14.24;15.25;13.96;15.13;0
2009-3-11;15.56;15.71;14.9;14.99;0
2009-3-12;14.95;15.77;14.6;15.76;0
2009-3-13;15.65;16.21;15.56;15.9;0
2009-3-16;15.84;16.14;15.42;16.08;0
2009-3-17;16.1;16.32;15.95;16.2;0
2009-3-18;16.26;16.34;15.98;16.02;0
2009-3-19;16.04;16.51;15.86;16.44;0
2009-3-20;16.39;16.43;15.77;15.92;0
2009-3-23;15.93;16.96;15.92;16.66;0
2009-3-24;17.31;17.4;16.78;16.93;0
2009-3-25;16.72;17.33;16.69;16.83;0
2009-3-26;16.85;17.4;16.72;17.2;0
2009-3-27;17.4;17.57;16.92;17.03;0
2009-3-30;16.96;16.99;16.37;16.44;0
2009-3-31;16.18;17.53;16.15;17.14;0
2009-4-1;17.07;17.44;16.87;16.99;0
2009-4-2;17.1;17.96;17.1;17.54;0
2009-4-3;17.86;17.9;17.49;17.61;0
2009-4-7;17.75;18.06;17.4;17.79;0
2009-4-8;17.54;17.79;16.97;17.01;0
2009-4-9;17.31;18.13;17.26;18.02;0
2009-4-10;18.22;18.78;18.09;18.57;0
2009-4-13;18.84;19.13;18.67;18.85;0
2009-4-14;18.62;18.84;18.56;18.69;0
2009-4-15;18.6;18.72;18.16;18.61;0
2009-4-16;18.67;18.84;18.34;18.48;0
2009-4-17;18.32;18.62;18.18;18.22;0
2009-4-20;18.08;18.57;17.97;18.41;0
2009-4-21;18.14;18.23;17.79;17.96;0
2009-4-22;18.1;18.36;17.31;17.45;0
2009-4-23;17.38;17.68;17.35;17.59;0
2009-4-24;17.79;17.86;17.26;17.33;0
2009-4-27;17.36;17.5;16.68;17.08;0
2009-4-28;16.66;16.94;16.38;16.5;0
2009-4-29;16.5;17.35;16.5;17.2;0
2009-4-30;17.3;17.57;17.07;17.4;0
2009-5-4;17.43;17.98;17.35;17.94;0
2009-5-5;18.01;18.41;17.83;17.93;0
2009-5-6;17.88;17.91;17.43;17.84;0
2009-5-7;17.97;18.41;17.75;18;0
2009-5-8;17.9;18.25;17.71;18.03;0
2009-5-11;18.23;18.68;17.87;17.89;0
2009-5-12;17.83;18.1;17.66;18.08;0
2009-5-13;18.1;18.37;17.75;18.19;0
2009-5-14;17.9;18.04;17.65;17.69;0
2009-5-15;17.71;17.89;17.4;17.53;0
2009-5-18;17.42;17.66;17.36;17.64;0
2009-5-19;17.92;18.21;17.75;18.01;0
2009-5-20;18.05;18.18;17.75;17.78;0
2009-5-21;17.61;17.64;17.17;17.27;0
2009-5-22;17.21;17.37;17.03;17.28;0
2009-5-25;16.91;17.28;16.8;17.19;0
2009-5-26;17.24;17.27;16.83;16.86;0
2009-5-27;17.01;17.49;17.01;17.36;0
2009-6-1;17.83;19.09;17.8;19.09;0
2009-6-2;19.23;19.52;19.06;19.1;0
2009-6-4;19.65;20.22;19.5;19.76;0
2009-6-5;19.94;19.98;19.57;19.76;0
2009-6-15;20.68;20.81;19.7;20.21;0
2009-6-16;19.78;19.93;19.15;19.21;0
2009-6-17;19.19;19.46;18.83;19.28;0
2009-6-18;19.3;19.85;19.19;19.52;0
2009-6-19;19.53;20.22;19.15;19.8;0
2009-6-22;20.16;20.92;19.96;20.47;0
2009-6-23;19.98;20.59;19.88;20.09;0
2009-6-24;20.2;20.38;19.72;20.05;0
2009-6-25;19.99;20.88;19.99;20.61;0
2009-6-26;20.62;20.83;20.38;20.56;0
2009-6-29;20.55;21.4;20.55;21.11;0
2009-6-30;21.12;22.36;21.12;21.67;0
2009-7-1;21.65;23.27;21.6;22.9;0
2009-7-2;23.01;24.14;23.01;24.09;0
2009-7-3;23.86;24.47;23.73;24.33;0
2009-7-6;24.27;25.23;24.24;24.54;0
2009-7-7;24.32;24.54;23.75;23.92;0
2009-7-8;23.49;23.95;22.78;23.57;0
2009-7-9;23.54;24.67;23.26;24.66;0
2009-7-10;24.66;24.8;24.06;24.45;0
2009-7-13;24.11;24.76;23.92;23.96;0
2009-7-14;24.19;26.29;24.19;26.1;0
2009-7-15;26.29;27.17;26.29;26.44;0
2009-7-16;26.75;27.06;26.23;26.33;0
2009-7-17;26.33;27.16;26.12;26.25;0
2009-7-20;26.62;27.01;25.97;26.64;0
2009-7-21;27.28;28.27;26.95;27.13;0
2009-7-22;27.12;27.6;26.54;27.19;0
2009-7-23;27.34;27.39;26.64;27.2;0
2009-7-24;27.39;27.74;26.76;27.16;0
2009-7-27;27.37;28.09;26.82;28.02;0
2009-7-28;27.96;28.02;27.04;27.37;0
2009-7-29;27.34;27.8;24.67;25.91;0
2009-7-30;26.29;27.14;25.41;26.13;0
2009-7-31;26.51;26.93;26.22;26.75;0
2009-8-3;26.88;27.56;26.41;27.51;0
2009-8-4;27.65;27.69;26.33;26.65;0
2009-8-5;26.55;26.55;25.55;25.59;0
2009-8-6;25.61;25.61;24.17;24.86;0
2009-8-10;24.63;24.79;23.88;24.37;0
2009-8-11;24.38;24.52;24.03;24.31;0
2009-8-12;24.35;24.45;23.2;23.32;0
2009-8-13;23.32;23.67;23.08;23.58;0
2009-8-14;23.44;23.79;22.74;23.06;0
2009-8-17;22.67;23.53;22.04;22.15;0
2009-8-18;22.04;22.38;21.03;21.95;0
2009-8-19;21.91;22.19;21.04;21.4;0
2009-8-20;21.47;23;21.17;22.71;0
2009-8-21;22.7;22.97;22.17;22.56;0
2009-8-24;22.84;22.96;22.13;22.64;0
2009-8-25;22.56;22.56;20.97;21.39;0
2009-8-26;21.34;22;21.03;21.75;0
2009-8-27;21.54;21.86;21.03;21.3;0
2009-8-28;21.36;21.54;20.16;20.32;0
2009-8-31;20.07;20.09;18.79;18.97;0
2009-9-1;19.01;20.25;18.91;19.75;0
2009-9-2;19.43;20.42;19.35;20.27;0
2009-9-3;20.27;21.72;20.01;21.53;0
2009-9-4;21.46;21.98;21.33;21.63;0
2009-9-7;21.98;22.73;21.85;22.07;0
2009-9-8;21.94;22.41;21.46;22.39;0
2009-9-9;22.51;22.88;22.12;22.4;0
2009-9-10;22.27;22.64;22.14;22.27;0
2009-9-11;22.29;23.34;22.29;23.15;0
2009-9-14;23.15;23.44;23;23.29;0
2009-9-15;23.3;23.39;22.79;23.06;0
2009-9-16;22.87;23.03;22.29;22.5;0
2009-9-17;22.69;23.55;22.69;23.41;0
2009-9-18;23.3;23.44;22.24;22.4;0
2009-9-21;22.2;22.93;21.91;22.74;0
2009-9-22;22.62;23.34;22.15;22.28;0
2009-9-23;22.5;22.67;21.8;21.9;0
2009-9-24;21.7;22.67;21.27;22.35;0
2009-9-25;21.99;23;21.98;22.66;0
2009-9-28;22.7;22.86;21.54;21.71;0
2009-9-29;21.68;22.2;21.56;22.06;0
2009-9-30;22.19;22.56;21.98;22.29;0
2009-10-9;23;23.48;22.8;23.44;0
2009-10-12;23.46;24;23.39;23.4;0
2009-10-13;23.39;23.96;23.27;23.92;0
2009-10-14;24.01;24.82;23.84;24.3;0
2009-10-15;24.8;25.1;24.51;24.72;0
2009-10-16;24.78;25.13;24.21;24.64;0
2009-10-19;24.57;25.46;24.49;25.43;0
2009-10-20;25.46;25.94;25.46;25.89;0
2009-10-21;25.89;26.16;25.47;25.5;0
2009-10-22;25.39;25.74;25.12;25.19;0
2009-10-23;25.29;26.01;25.29;25.72;0
2009-10-26;25.94;26.38;25.83;26.1;0
2009-10-27;25.81;26.43;25.47;25.93;0
2009-10-28;25.85;26.03;24.97;25.35;0
2009-10-29;24.75;25.1;24.21;24.43;0
2009-10-30;25.11;25.28;24.57;24.61;0
2009-11-2;24.05;26.54;24;26.25;0
2009-11-3;26.25;27.01;26.08;26.71;0
2009-11-4;26.6;26.91;26.18;26.6;0
2009-11-5;26.6;26.72;26.03;26.37;0
2009-11-6;26.73;26.87;26.37;26.39;0
2009-11-9;26.45;26.95;26.12;26.94;0
2009-11-10;27.04;27.69;26.78;26.83;0
2009-11-11;26.9;27.23;26.73;26.95;0
2009-11-12;27.17;27.39;26.51;26.76;0
2009-11-13;26.69;26.75;26.25;26.61;0
2009-11-16;26.82;27.34;26.77;27.27;0
2009-11-17;27.52;27.69;27.09;27.24;0
2009-11-18;27.38;27.38;26.91;26.98;0
2009-11-19;27;27.17;26.43;26.61;0
2009-11-20;26.59;26.59;25.9;26.21;0
2009-11-23;26.23;26.23;25.7;26;0
2009-11-24;26.19;26.56;25.67;25.88;0
2009-11-25;25.9;26.61;25.73;26.57;0
2009-11-26;26.55;26.82;25.32;25.45;0
2009-11-27;25.27;25.27;24.31;24.35;0
2009-11-30;24.61;25.04;24.31;24.98;0
2009-12-1;24.83;25.3;24.54;25.1;0
2009-12-2;25.28;25.59;25.26;25.38;0
2009-12-3;25.33;25.33;24.78;25;0
2009-12-4;24.88;26.64;24.63;26.35;0
2009-12-7;26.16;26.43;25.9;26.27;0
2009-12-8;26.34;26.44;25.45;25.6;0
2009-12-9;25.33;25.33;25;25.04;0
2009-12-10;25.3;25.36;24.81;25.1;0
2009-12-11;25.11;25.58;25.02;25.08;0
2009-12-14;24.97;25.46;24.4;25.2;0
2009-12-15;25.06;25.1;24.62;24.73;0
2009-12-16;24.71;25.02;24.62;24.66;0
2009-12-17;24.67;24.82;23.92;23.99;0
2009-12-21;23.13;23.41;22.78;23.08;0
2009-12-22;23.16;23.26;22.29;22.38;0
2009-12-23;22.44;22.64;22.1;22.4;0
2009-12-24;22.34;23.04;22.2;22.99;0
2009-12-25;22.86;23.12;22.77;22.82;0
2009-12-28;22.79;23.33;22.79;23.03;0
2009-12-29;23.12;23.19;22.77;23.01;0
2009-12-30;23.08;24.2;23.06;23.99;0
2009-12-31;24.05;24.44;23.92;24.22;0
2010-1-4;24.4;24.44;23.67;23.7;0
2010-1-5;23.76;24.27;23.22;23.99;0
2010-1-6;23.92;24.14;23.44;23.48;0
2010-1-7;23.48;23.66;22.81;23.05;0
2010-1-8;23.05;23.05;22.56;22.91;0
2010-1-11;23.96;24.14;22.84;23.03;0
2010-1-12;22.86;23.3;22.47;23.24;0
2010-1-13;22.73;22.86;22.1;22.13;0
2010-1-14;22.34;22.64;21.94;22.42;0
2010-1-15;22.42;22.58;22.03;22.46;0
2010-1-18;22.32;22.32;21.96;22.13;0
2010-1-19;22.1;22.56;22.1;22.24;0
2010-1-20;22.29;22.35;21.49;21.53;0
2010-1-21;21.59;22.16;21.51;21.95;0
2010-1-22;21.55;22.27;21.33;21.97;0
2010-1-25;21.72;22.28;21.64;21.87;0
2010-1-26;21.89;21.98;21.33;21.39;0
2010-1-27;21.46;21.54;20.89;20.93;0
2010-1-28;20.96;20.99;20.42;20.57;0
2010-1-29;20.53;20.88;20.23;20.43;0
2010-2-1;20.65;21.1;20.48;21.04;0
2010-2-2;21.11;21.73;20.82;20.86;0
2010-2-3;21;21.92;20.84;21.91;0
2010-2-4;21.63;21.9;21.48;21.68;0
2010-2-5;21.22;21.39;21.11;21.14;0
2010-2-8;21.12;21.41;20.93;21.14;0
2010-2-9;21.21;21.59;21.11;21.43;0
2010-2-10;21.63;22.03;21.63;21.99;0
2010-2-11;21.98;22.18;21.86;21.94;0
2010-2-12;22.07;22.16;21.93;22.02;0
2010-2-22;21.98;21.98;21.57;21.58;0
2010-2-23;21.06;21.06;19.42;19.66;0
2010-2-24;19.43;19.69;19.35;19.61;0
2010-2-25;19.72;20.04;19.67;19.88;0
2010-2-26;19.81;20.03;19.71;19.8;0
2010-3-1;20.22;20.61;19.92;20.53;0
2010-3-2;20.53;20.66;20.36;20.48;0
2010-3-3;20.5;20.58;20.2;20.41;0
2010-3-4;20.43;20.52;19.79;19.81;0
2010-3-5;19.92;20.09;19.83;20;0
2010-3-8;20.05;20.38;19.97;20.3;0
2010-3-9;20.31;20.97;20.09;20.69;0
2010-3-10;20.69;21;20.6;20.77;0
2010-3-11;20.78;20.98;20.46;20.67;0
2010-3-12;20.66;20.83;20.49;20.51;0
2010-3-15;20.49;20.5;19.9;20.05;0
2010-3-16;20.05;20.22;19.8;20.08;0
2010-3-17;20.16;21.32;20.14;21.25;0
2010-3-18;21.11;21.4;21.06;21.11;0
2010-3-19;21.13;21.33;20.93;21.31;0
2010-3-22;21.29;21.46;21.15;21.28;0
2010-3-23;21.34;21.39;20.89;20.96;0
2010-3-24;21.07;21.33;20.96;21.05;0
2010-3-25;21.04;21.04;20.67;20.75;0
2010-3-26;20.72;21.45;20.71;21.21;0
2010-3-29;21.41;22.28;21.37;22.09;0
2010-3-30;22.09;22.42;22.03;22.35;0
2010-3-31;22.27;22.38;22.06;22.16;0
2010-4-1;22.16;22.69;22.16;22.54;0
2010-4-2;22.6;22.8;22.42;22.65;0
2010-4-6;22.86;22.92;22.25;22.39;0
2010-4-7;22.28;22.59;22.12;22.35;0
2010-4-8;22.32;22.32;21.76;21.84;0
2010-4-9;21.96;22.35;21.86;22.29;0
2010-4-12;22.29;22.41;21.59;21.95;0
2010-4-13;22;22.95;22;22.82;0
2010-4-14;22.87;23.01;22.64;22.96;0
2010-4-15;22.86;23.25;22.67;23.1;0
2010-4-16;22.95;23.02;22.42;22.46;0
2010-4-19;22.2;22.69;21.62;21.64;0
2010-4-20;21.9;22.4;21.59;22.26;0
2010-4-21;22.29;23.02;22.2;22.87;0
2010-4-22;22.73;23.24;22.56;22.76;0
2010-4-23;22.89;23.28;22.47;22.76;0
2010-4-26;22.76;22.9;22.28;22.29;0
2010-4-27;22.16;22.16;21.33;21.83;0
2010-4-28;21.5;21.87;21.41;21.54;0
2010-4-29;21.76;21.93;21.28;21.31;0
2010-4-30;21.33;21.79;20.97;21.72;0
2010-5-4;21.37;22.03;21.29;21.68;0
2010-5-5;21.57;21.84;20.84;21.44;0
2010-5-6;21.36;21.36;20.23;20.33;0
2010-5-7;19.75;21.06;19.75;20.37;0
2010-5-10;20.71;21.37;20.47;21.2;0
2010-5-11;21.7;21.71;20.45;20.59;0
2010-5-12;20.44;21.57;20.34;21.37;0
2010-5-13;21.54;21.84;21.19;21.71;0
2010-5-14;21.28;21.51;21.15;21.24;0
2010-5-17;20.92;20.92;19.96;20.01;0
2010-5-18;20.17;20.82;19.88;20.53;0
2010-5-19;20.26;20.7;19.98;20.36;0
2010-5-20;20.23;20.53;19.7;19.76;0
2010-5-21;19.34;20.02;19.16;19.87;0
2010-5-24;20.25;20.82;20.12;20.62;0
2010-5-25;20.42;20.47;19.87;19.9;0
2010-5-26;20.14;20.34;19.7;19.97;0
2010-5-27;19.94;20.36;19.61;20.27;0
2010-5-28;20.51;20.57;20.05;20.21;0
2010-5-31;20.11;20.32;19.88;19.94;0
2010-6-1;19.87;20.4;19.7;20.19;0
2010-6-2;20.14;20.14;19.7;20.01;0
2010-6-3;20.14;20.36;19.9;20.06;0
2010-6-4;19.93;20.09;19.83;20.03;0
2010-6-7;19.79;19.93;19.37;19.58;0
2010-6-8;19.59;19.72;19.22;19.47;0
2010-6-9;19.57;20.25;19.17;20.08;0
2010-6-10;19.78;19.92;19.65;19.69;0
2010-6-11;19.91;20.22;19.79;19.92;0
2010-6-17;20.08;20.18;19.72;19.8;0
2010-6-18;19.81;20.11;19.7;19.76;0
2010-6-21;19.94;20.89;19.92;20.67;0
2010-6-22;20.68;20.8;20.6;20.71;0
2010-6-23;20.61;20.83;20.29;20.56;0
2010-6-24;20.51;21;20.51;20.75;0
2010-6-25;20.62;21.07;20.47;20.89;0
2010-6-28;20.88;21.09;20.54;20.58;0
2010-9-2;21.24;21.85;20.98;21.51;0
2010-9-3;21.6;21.73;21.26;21.63;0
2010-9-6;21.91;22.7;21.86;22.6;0
2010-9-7;22.61;22.62;22.12;22.48;0
2010-9-8;22.37;22.37;21.93;22.09;0
2010-9-9;22.19;22.2;21.41;21.52;0
2010-9-10;21.59;21.9;21.52;21.78;0
2010-9-13;21.8;22.42;21.79;22.02;0
2010-9-14;22.12;22.53;22.12;22.25;0
2010-9-15;22.24;22.59;21.88;21.88;0
2010-9-16;21.88;22.1;21.49;21.72;0
2010-9-17;21.84;21.88;21.5;21.64;0
2010-9-20;21.75;22.55;21.51;22.18;0
2010-9-21;22.4;22.54;22.16;22.3;0
2010-9-27;22.29;22.89;22.24;22.86;0
2010-9-28;22.79;22.97;22.5;22.64;0
2010-9-29;22.61;22.97;22.55;22.67;0
2010-9-30;22.55;23.75;22.47;23.48;0
2010-10-8;23.3;24.64;23.3;24.48;0
2010-10-11;24.72;26.4;24.72;25.83;0
2010-10-12;25.69;26.1;25.55;25.97;0
2010-10-13;25.94;26.43;25.83;26.32;0
2010-10-14;27.52;28.01;26.94;26.99;0
2010-10-15;26.85;27.96;26.77;27.83;0
2010-10-18;27.83;28.5;26.63;26.85;0
2010-10-19;26.79;27.91;26.77;27.8;0
2010-10-20;27.8;29.83;27.79;29.73;0
2010-10-21;29.73;29.73;28.88;29.15;0
2010-10-22;28.98;29.52;28.59;28.85;0
2010-10-25;28.84;29.83;28.19;29.66;0
2010-10-26;29.56;29.56;28.19;28.42;0
2010-10-27;27.96;28.31;27.07;27.2;0
2010-10-28;26.77;27.24;26.63;26.99;0
2010-10-29;26.99;27.08;26.42;26.6;0
2010-11-2;27.55;27.57;26.75;26.85;0
2010-11-3;26.77;27.34;26.12;26.83;0
2010-11-4;26.89;27.64;26.83;27.28;0
2010-11-5;27.74;28.01;27.48;27.74;0
2010-11-8;27.74;27.76;27.11;27.36;0
2010-11-9;27.37;27.37;26.63;26.7;0
2010-11-10;26.61;27.1;26.23;27.08;0
2010-11-11;27.24;28.3;26.92;27.74;0
2010-11-12;27.66;28.5;26.69;26.96;0
2010-11-15;26.68;26.93;25.74;26.38;0
2010-11-16;26.28;26.28;24.77;25.15;0
2010-11-17;24.67;25.86;24.55;25.26;0
2010-11-18;25.68;25.77;25;25.59;0
2010-11-19;25.81;25.85;24.64;25.62;0
2010-11-22;25.53;26.41;25.48;25.91;0
2010-11-23;25.57;25.66;24.78;24.97;0
2010-11-24;25.05;26.05;25.05;25.87;0
2010-11-25;25.84;26.19;25.46;25.96;0
2010-11-26;25.79;25.83;25.22;25.38;0
2010-11-29;25.3;25.83;25.3;25.63;0
2010-11-30;25.52;25.78;24.72;25.16;0
2010-12-1;25.03;25.16;24.77;24.86;0
2010-12-2;25.52;25.77;25.25;25.26;0
2010-12-3;25.5;26.1;25.43;26.02;0
2010-12-6;25.96;26.83;25.9;26.53;0
2010-12-7;26.38;27.01;26.13;26.8;0
2010-12-8;26.72;26.91;26.25;26.28;0
2010-12-9;26.14;26.79;26.01;26.26;0
2010-12-10;26.14;27.11;26.1;27.03;0
2010-12-13;27.08;27.3;26.75;27.29;0
2010-12-14;27.08;27.59;26.99;27.05;0
2010-12-15;27.05;27.16;26.36;26.4;0
2010-12-16;26.33;26.53;25.59;25.64;0
2010-12-17;25.74;25.75;25.33;25.53;0
2010-12-20;25.67;25.73;24.63;24.95;0
2010-12-21;25.07;26.04;24.97;26;0
2010-12-22;25.97;26.05;25.26;25.43;0
2010-12-23;25.43;25.81;25.18;25.27;0
2010-12-24;25.15;25.61;24.95;25.3;0
2010-12-27;26.01;26.18;24.63;24.75;0
2010-12-28;24.72;25.11;24.41;24.46;0
2010-12-29;24.55;24.67;24.32;24.65;0
2010-12-30;24.65;24.81;24.35;24.51;0
2010-12-31;24.63;25.07;24.54;24.93;0
2011-1-4;25.23;25.57;25.08;25.26;0
2011-1-5;25.12;25.21;24.32;24.35;0
2011-1-6;24.39;24.39;22.84;23.34;0
2011-1-7;23.51;24.08;22.99;23.53;0
2011-1-10;23.48;23.92;23.04;23.09;0
2011-1-11;23.01;23.33;22.95;23.13;0
2011-1-12;23.2;23.61;23.08;23.52;0
2011-1-13;23.62;23.72;23.33;23.52;0
2011-1-14;23.4;23.49;22.99;23.07;0
2011-1-17;22.97;23.07;22.1;22.13;0
2011-1-18;22.13;22.44;21.99;22.19;0
2011-1-19;22.19;22.54;22.11;22.5;0
2011-1-20;22.54;22.57;21.63;21.65;0
2011-1-21;21.69;22.44;21.53;21.93;0
2011-1-24;22.06;22.06;21.31;21.46;0
2011-1-25;21.46;21.75;21.26;21.53;0
2011-1-26;21.57;21.91;21.55;21.72;0
2011-1-27;21.53;22.27;21.33;22.16;0
2011-1-28;22.16;22.26;21.71;21.93;0
2011-1-31;21.9;22.15;21.73;22.06;0
2011-2-1;22.1;22.24;21.97;22.17;0
2011-2-9;22.1;22.53;21.95;22.15;0
2011-2-10;22.1;22.49;21.91;22.45;0
2011-2-11;22.28;22.37;22.08;22.18;0
2011-2-14;22.19;23.3;22.18;23.21;0
2011-2-15;23.17;23.3;22.9;22.92;0
2011-2-16;22.86;23.02;22.64;22.85;0
2011-2-17;22.86;23.04;22.64;22.75;0
2011-2-18;22.68;22.89;22.54;22.72;0
2011-2-21;22.63;22.93;22.5;22.89;0
2011-2-22;22.9;22.94;21.84;21.86;0
2011-2-23;21.76;21.91;21.59;21.72;0
2011-2-24;21.71;21.75;21.4;21.69;0
2011-2-25;21.7;22.14;21.57;21.85;0
2011-2-28;21.87;22.13;21.65;22.09;0
2011-3-1;22.1;22.52;22.06;22.3;0
2011-3-2;22.13;22.42;22.02;22.24;0
2011-3-3;22.36;23.13;22.34;22.51;0
2011-3-4;22.62;23.19;22.53;23.14;0
2011-3-7;23.35;23.84;23.3;23.75;0
2011-3-8;23.7;23.88;23.35;23.6;0
2011-3-9;23.75;23.97;23.51;23.71;0
2011-3-10;23.61;23.61;22.89;22.92;0
2011-3-11;22.77;22.91;22.44;22.58;0
2011-3-15;22.64;22.7;21.53;21.95;0
2011-3-16;22.17;22.46;22.1;22.26;0
2011-3-17;22.04;22.04;21.57;21.65;0
2011-3-18;21.82;21.99;21.74;21.76;0
2011-3-21;21.84;22.1;21.78;21.84;0
2011-3-22;21.97;22.28;21.79;22.23;0
2011-3-23;22.15;22.49;22.06;22.38;0
2011-3-24;22.38;22.4;22.15;22.2;0
2011-3-25;22.26;22.68;22.16;22.42;0
2011-3-28;22.5;22.75;22.19;22.22;0
2011-3-29;22.23;22.54;21.9;22.13;0
2011-3-30;22.19;22.41;22.06;22.19;0
2011-3-31;22.24;22.35;21.94;21.95;0
2011-4-1;22.02;22.75;21.98;22.74;0
2011-4-6;23.01;23.72;22.95;23.63;0
2011-4-7;23.72;23.73;23.37;23.52;0
2011-4-8;23.48;23.71;23.33;23.48;0
2011-4-11;23.52;23.66;23.01;23.03;0
2011-4-12;22.95;23.18;22.81;23.07;0
2011-4-13;22.93;23.79;22.9;23.75;0
2011-4-14;23.69;24.01;23.53;23.6;0
2011-4-15;23.57;24.12;23.47;24.05;0
2011-4-18;23.95;24.63;23.87;24.36;0
2011-4-19;24.14;24.18;23.43;23.44;0
2011-4-20;23.59;23.69;23.2;23.36;0
2011-4-21;23.64;23.78;23.47;23.51;0
2011-4-22;23.52;23.52;23.1;23.16;0
2011-4-25;23.16;23.16;22.75;22.94;0
2011-4-26;22.85;23.13;22.81;22.89;0
2011-4-27;23.03;23.07;22.77;22.91;0
2011-4-28;23.08;23.53;23.08;23.13;0
2011-4-29;23.06;23.25;22.59;23.18;0
2011-5-3;23.08;23.38;22.82;23.33;0
2011-5-4;23.08;23.17;22.46;22.54;0
2011-5-5;22.5;22.55;22.17;22.33;0
2011-5-6;22.1;22.42;22.05;22.23;0
2011-5-9;22.32;22.36;22.01;22.07;0
2011-5-10;22.08;22.34;22.08;22.29;0
2011-5-11;22.3;22.44;22.13;22.3;0
2011-5-12;22.1;22.26;21.84;21.84;0
2011-5-13;21.98;22.27;21.83;22.22;0
2011-5-16;22.19;22.26;21.85;21.87;0
2011-5-17;21.87;22.28;21.84;22.11;0
2011-5-18;22.08;22.46;21.98;22.24;0
2011-5-19;22.3;22.41;22.06;22.14;0
2011-5-20;22.11;22.28;22.1;22.18;0
2011-5-23;22.1;22.15;21.33;21.36;0
2011-5-24;21.37;21.52;21.31;21.41;0
2011-5-25;21.36;21.36;21.19;21.21;0
2011-5-26;21.35;21.43;21.17;21.18;0
2011-5-27;21.18;21.49;21.17;21.29;0
2011-5-30;21.25;21.44;21.19;21.3;0
2011-5-31;21.31;21.66;21.25;21.62;0
2011-6-1;21.53;21.65;21.46;21.52;0
2011-6-2;21.31;21.39;20.79;20.98;0
2011-6-3;20.99;21.21;20.91;21.16;0
2011-6-7;21.03;21.33;20.94;21.28;0
2011-6-8;21.26;21.26;20.95;21.14;0
2011-6-9;21.11;21.19;20.83;20.88;0
2011-6-10;20.96;21.07;20.82;21.05;0
2011-6-13;20.86;20.87;20.54;20.76;0
2011-6-14;20.74;21.03;20.64;20.9;0
2011-6-15;20.92;21.01;20.57;20.59;0
2011-6-17;20.37;20.46;20.01;20.03;0
2011-6-20;20.05;20.1;19.51;19.69;0
2011-6-21;19.71;19.85;19.61;19.81;0
2011-6-22;19.89;20.12;19.85;19.93;0
2011-6-23;19.92;20.51;19.77;20.36;0
2011-6-24;20.32;21.26;20.31;21.17;0
2011-6-27;21.08;21.43;21;21.08;0
2011-6-28;21.23;21.26;20.8;20.99;0
2011-6-29;21.07;21.15;20.72;20.74;0
2011-6-30;20.84;21.68;20.81;21.43;0
2011-7-1;21.47;21.55;21.23;21.37;0
2011-7-4;21.5;21.9;21.5;21.82;0
2011-7-5;21.79;21.9;21.48;21.62;0
2011-7-6;21.52;22.06;21.2;21.75;0
2011-7-7;22.02;22.04;21.42;21.57;0
2011-7-8;21.66;21.79;21.44;21.52;0
2011-7-11;21.37;21.37;21.1;21.28;0
2011-7-12;21.07;21.07;20.65;20.68;0
2011-7-13;20.76;21.12;20.7;21.05;0
2011-7-14;21.05;21.18;20.91;21.03;0
2011-7-15;21;21.35;20.85;21.21;0
2011-7-18;21.26;21.37;20.98;21.06;0
2011-7-19;20.94;20.98;20.77;20.82;0
2011-7-20;21.02;21.07;20.8;20.91;0
2011-7-21;21.02;21.03;20.55;20.58;0
2011-7-22;20.71;20.97;20.61;20.77;0
2011-7-25;20.64;20.64;20.15;20.23;0
2011-7-26;20.23;20.45;20.19;20.41;0
2011-7-27;20.27;20.31;19.99;20.15;0
2011-7-28;19.95;19.95;19.64;19.73;0
2011-7-29;19.81;20.19;19.63;19.92;0
2011-8-1;19.92;20.15;19.86;20.1;0
2011-8-2;19.86;19.88;19.65;19.86;0
2011-8-3;19.69;19.93;19.64;19.72;0
2011-8-4;19.8;19.95;19.7;19.71;0
2011-8-5;19.25;19.29;18.82;18.95;0
2011-8-8;18.71;18.88;18.22;18.34;0
2011-8-9;17.84;18.31;17.73;18.22;0
2011-8-10;18.56;18.62;18.23;18.35;0
2011-8-11;18.08;18.66;17.97;18.65;0
2011-8-12;18.79;18.8;18.35;18.48;0
2011-8-15;18.55;19.11;18.35;19.07;0
2011-8-16;18.97;19.09;18.71;18.74;0
2011-8-18;18.97;19.03;18.38;18.47;0
2011-8-19;18.1;18.31;17.96;18.05;0
2011-8-22;18.11;18.29;17.91;18.09;0
2011-8-23;18.11;18.35;18.04;18.35;0
2011-8-24;18.46;18.5;18.13;18.18;0
2011-8-25;18.23;19.03;18.22;19.01;0
2011-8-26;18.88;18.96;18.67;18.81;0
2011-8-29;18.53;18.53;18.21;18.39;0
2011-8-30;18.52;18.77;18.26;18.27;0
2011-8-31;18.23;18.26;18.08;18.23;0
2011-9-1;18.35;18.68;18.28;18.41;0
2011-9-2;18.41;18.64;18.17;18.48;0
2011-9-5;18.29;18.29;18.05;18.09;0
2011-9-6;18.11;18.11;17.84;17.95;0
2011-9-7;18.11;18.29;17.95;18.21;0
2011-9-8;18.26;18.27;17.97;17.98;0
2011-9-9;18.17;18.37;17.97;18.04;0
2011-9-13;17.68;17.88;17.64;17.74;0
2011-9-14;17.87;17.93;17.38;17.73;0
2011-9-15;17.78;17.9;17.64;17.66;0
2011-9-16;17.79;17.99;17.75;17.78;0
2011-9-19;17.63;17.66;17.41;17.43;0
2011-9-20;17.43;17.57;17.34;17.51;0
2011-9-21;17.55;18.18;17.48;18.03;0
2011-9-22;17.86;18.02;17.39;17.47;0
2011-9-23;17.25;17.31;16.71;17.08;0
2011-9-26;16.84;17.03;15.38;15.44;0
2011-9-27;15.73;15.85;15.6;15.73;0
2011-9-28;15.9;15.98;15.52;15.58;0
2011-9-29;15.49;15.49;15.25;15.3;0
2011-9-30;15.39;15.4;15;15.08;0
2011-10-10;15.19;15.36;15.17;15.23;0
2011-10-11;15.77;15.86;15.36;15.43;0
2011-10-12;15.41;16.31;15.36;16.29;0
2011-10-13;16.19;16.55;16.15;16.31;0
2011-10-14;16.3;16.41;16.13;16.37;0
2011-10-17;16.47;16.88;16.42;16.7;0
2011-10-18;16.49;16.57;15.88;15.96;0
2011-10-19;16.05;16.35;15.89;15.99;0
2011-10-20;15.8;15.84;15.44;15.59;0
2011-10-21;15.73;15.93;15.64;15.73;0
2011-10-24;16;16.62;15.83;16.55;0
2011-10-25;16.49;16.85;16.27;16.66;0
2011-10-26;16.63;17.06;16.62;16.86;0
2011-10-27;16.67;17.1;16.65;17.07;0
2011-10-28;17.39;17.86;17.29;17.4;0
2011-10-31;17.43;17.6;17.27;17.38;0
2011-11-1;17.18;18.05;17.11;17.62;0
2011-11-2;17.34;18.04;17.25;18.01;0
2011-11-3;18.04;18.56;18.04;18.14;0
2011-11-4;18.39;18.51;18.14;18.15;0
2011-11-7;18.04;18.15;17.84;17.87;0
2011-11-8;17.97;18.15;17.84;17.93;0
2011-11-9;18.06;18.33;17.88;18.21;0
2011-11-10;17.93;17.94;17.44;17.45;0
2011-11-11;17.51;17.64;17.3;17.44;0
2011-11-14;17.68;18;17.68;17.95;0
2011-11-15;17.91;17.94;17.66;17.77;0
2011-11-16;17.69;17.79;16.84;16.95;0
2011-11-17;16.98;17.04;16.62;16.73;0
2011-11-18;16.57;16.71;16.22;16.35;0
2011-11-21;16.37;16.47;16.15;16.45;0
2011-11-22;16.31;16.53;16.24;16.33;0
2011-11-23;16.35;16.39;15.91;16;0
2011-11-24;15.86;16.42;15.82;16.24;0
2011-11-25;16.16;16.26;15.99;16.06;0
2011-11-28;16.17;16.38;16.12;16.19;0
2011-11-29;16.41;16.5;16.22;16.48;0
2011-11-30;16.38;16.42;15.79;15.84;0
2011-12-1;16.67;17.19;16.52;16.71;0
2011-12-2;16.58;16.71;16.44;16.66;0
2011-12-5;16.84;17.02;16.57;16.66;0
2011-12-6;16.67;16.8;16.4;16.54;0
2011-12-7;16.62;17.05;16.57;17.04;0
2011-12-8;16.9;17.24;16.72;17.07;0
2011-12-9;16.89;17.16;16.85;17.06;0
2011-12-12;17.07;17.12;16.79;16.85;0
2011-12-13;16.62;16.71;16.03;16.18;0
2011-12-14;16.18;16.26;16.04;16.18;0
2011-12-15;16.04;16.21;15.73;15.82;0
2011-12-16;15.82;16.35;15.81;16.15;0
2011-12-19;16;16.27;15.68;16.23;0
2011-12-20;16.11;16.49;16.08;16.32;0
2011-12-21;16.18;16.51;15.43;15.47;0
2011-12-22;15.45;15.59;15.14;15.27;0
2011-12-23;15.27;15.48;15.03;15.27;0
2011-12-26;15.16;15.39;15.04;15.08;0
2011-12-27;15.07;15.52;15.04;15.18;0
2011-12-28;15.1;15.37;15.03;15.33;0
2011-12-29;15.29;15.41;15.14;15.25;0
2011-12-30;15.32;15.57;15.29;15.47;0
2012-1-4;15.68;15.73;15.19;15.23;0
2012-1-5;15.07;15.55;15.06;15.24;0
2012-1-6;15.21;15.37;15.1;15.21;0
2012-1-9;15.23;15.61;14.98;15.6;0
2012-1-10;15.64;16.35;15.61;16.31;0
2012-1-11;16.26;16.38;16.02;16.1;0
2012-1-12;16.08;16.62;16.02;16.34;0
2012-1-13;16.35;16.5;16;16.19;0
2012-1-16;16.13;16.35;15.99;15.99;0
2012-1-17;16.08;17.04;15.93;16.99;0
2012-1-18;16.94;17.3;16.75;16.83;0
2012-1-19;16.85;17.37;16.85;17.3;0
2012-1-20;17.42;17.73;17.33;17.57;0
2012-1-30;17.57;17.66;17.28;17.34;0
2012-1-31;17.34;17.57;16.98;17.23;0
2012-2-1;17.18;17.36;16.68;16.81;0
2012-2-2;16.92;17.84;16.91;17.81;0
2012-2-3;17.79;18.26;17.68;18.04;0
2012-2-6;18.08;18.13;17.63;17.8;0
2012-2-7;17.67;17.77;17.3;17.48;0
2012-2-9;18.01;18.22;17.84;17.92;0
2012-2-10;17.88;18.3;17.85;18.01;0
2012-2-13;17.77;18.35;17.73;18.1;0
2012-2-14;18.08;18.08;17.61;17.78;0
2012-2-15;17.73;18.24;17.73;18.08;0
2012-2-16;18.05;18.06;17.71;17.83;0
2012-2-17;18.06;18.12;17.73;17.86;0
2012-2-20;18.11;18.37;17.99;18.01;0
2012-2-21;18.04;18.3;17.84;18.28;0
2012-2-22;18.23;18.57;18.06;18.46;0
2012-2-23;18.42;18.64;18.34;18.43;0
2012-2-24;18.43;18.74;18.3;18.73;0
2012-2-27;18.79;18.96;18.61;18.65;0
2012-2-28;18.68;18.87;18.57;18.74;0
2012-2-29;18.68;18.69;18.26;18.34;0
2012-3-1;18.29;18.47;18.19;18.22;0
2012-3-2;18.27;18.55;18.27;18.53;0
2012-3-5;18.56;18.62;18;18.02;0
2012-3-6;18;18.02;17.63;17.72;0
2012-3-7;17.57;17.83;17.54;17.59;0
2012-3-8;17.67;18.13;17.67;17.93;0
2012-3-9;18.08;18.1;17.82;18;0
2012-3-12;18;18;17.57;17.87;0
2012-3-13;17.85;18.27;17.85;18.26;0
2012-3-14;18.42;18.48;17.79;17.86;0
2012-3-15;17.81;18.06;17.75;17.77;0
2012-3-16;17.81;17.92;17.43;17.77;0
2012-3-19;17.68;17.68;17.39;17.53;0
2012-3-20;17.48;17.68;17.39;17.42;0
2012-3-21;17.57;17.64;17.28;17.49;0
2012-3-22;17.53;17.62;17.3;17.5;0
2012-3-23;17.42;17.42;17.16;17.26;0
2012-3-26;17.22;17.3;17.06;17.19;0
2012-3-27;17.34;17.38;17.08;17.22;0
2012-3-28;17.15;17.18;16.74;16.8;0
2012-3-29;16.67;16.76;16.22;16.28;0
2012-3-30;16.39;16.46;16.23;16.44;0
2012-4-5;16.44;17.07;16.24;16.97;0
2012-4-6;16.96;17.23;16.88;17.11;0
2012-4-9;16.97;17.12;16.83;16.92;0
2012-4-10;16.86;17.13;16.6;17.11;0
2012-4-11;16.88;17.19;16.85;17.03;0
2012-4-12;17.05;17.6;16.95;17.55;0
2012-4-13;17.62;17.99;17.61;17.86;0
2012-4-16;17.75;17.88;17.61;17.74;0
2012-4-17;17.73;17.81;17.46;17.47;0
2012-4-18;17.58;18;17.51;17.97;0
2012-4-19;17.94;18.65;17.89;18.43;0
2012-4-20;18.38;18.65;18.34;18.59;0
2012-4-23;18.58;18.79;18.19;18.26;0
2012-4-24;18.16;18.78;18.06;18.33;0
2012-4-25;18.29;18.55;18.17;18.33;0
2012-4-26;18.42;18.69;18.41;18.51;0
2012-4-27;18.51;18.65;18.2;18.29;0
2012-5-2;18.75;19.08;18.62;18.95;0
2012-5-3;18.96;19.42;18.92;19.36;0
2012-5-4;19.32;19.48;19.14;19.36;0
2012-5-7;19.14;19.25;18.74;18.87;0
2012-5-8;18.95;19;18.6;18.69;0
2012-5-9;18.53;18.72;18.48;18.62;0
2012-5-10;18.6;18.72;18.56;18.59;0
2012-5-11;18.58;18.8;18.38;18.5;0
2012-5-14;18.65;18.81;18.07;18.33;0
2012-5-15;18.42;18.96;18.42;18.96;0
2012-5-16;18.87;18.9;18.48;18.52;0
2012-5-17;18.58;19.1;18.54;19.05;0
2012-5-18;18.86;18.86;18.42;18.61;0
2012-5-21;18.52;18.9;18.52;18.7;0
2012-5-22;18.77;19.14;18.74;19.13;0
2012-5-23;19.05;19.1;18.78;18.97;0
2012-5-24;18.88;19.17;18.81;18.89;0
2012-5-25;18.88;19;18.15;18.26;0
2012-5-28;18.23;18.51;18.05;18.45;0
2012-5-29;18.46;19.14;18.33;18.97;0
2012-5-30;18.97;19.13;18.88;18.98;0
2012-5-31;18.91;18.93;18.73;18.82;0
2012-6-1;18.83;19.09;18.82;18.95;0
2012-6-4;18.74;18.84;18.29;18.34;0
2012-6-5;18.4;18.53;18.21;18.27;0
2012-6-6;18.37;18.58;18.35;18.42;0
2012-6-7;18.65;18.94;18.38;18.46;0
2012-6-8;18.78;18.8;18.4;18.47;0
2012-6-11;18.61;19.03;18.53;19.02;0
2012-6-12;18.9;19.16;18.89;19.1;0
2012-6-13;19.1;20.43;19.1;20.34;0
2012-6-14;20.36;20.54;20.19;20.28;0
2012-6-15;20.33;20.95;20.33;20.7;0
2012-6-18;20.88;20.98;20.5;20.72;0
2012-6-19;20.67;20.94;20.6;20.65;0
2012-6-20;20.67;20.91;20.65;20.69;0
2012-6-21;20.56;20.56;19.89;20.12;0
2012-6-25;19.97;20.03;19.53;19.56;0
2012-6-26;19.54;19.97;19.45;19.76;0
2012-6-28;19.77;20.26;19.77;20.06;0
2012-6-29;20;20.86;19.99;20.55;0
2012-7-2;20.71;20.74;20.36;20.71;0
2012-7-3;20.71;21.03;20.43;20.5;0
2012-7-4;20.54;20.64;20.17;20.29;0
2012-7-5;20.15;20.58;20.05;20.38;0
2012-7-6;20.56;20.89;20.29;20.78;0
2012-7-9;20.66;21.05;20.4;20.49;0
2012-7-10;20.49;20.83;20.26;20.45;0
2012-7-11;20.31;20.58;20.21;20.54;0
2012-7-12;20.49;20.49;19.92;20.22;0
2012-7-13;20.01;20.49;20.01;20.22;0
2012-7-16;20.33;20.33;19.63;19.69;0
2012-7-17;19.65;20.06;19.55;20.01;0
2012-7-18;20.07;20.26;19.56;20.02;0
2012-7-19;19.95;21.01;19.88;20.76;0
2012-7-20;20.69;20.8;20.52;20.77;0
2012-7-23;20.49;20.49;20.11;20.24;0
2012-7-24;20.08;20.51;20.08;20.3;0
2012-7-25;20.11;20.5;20.11;20.2;0
2012-7-26;20.24;20.64;20.11;20.2;0
2012-7-27;20.35;20.41;19.65;20.1;0
2012-7-30;20.07;20.28;19.66;19.7;0
2012-7-31;19.7;20.39;19.65;19.99;0
2012-8-1;20.07;20.5;20.02;20.43;0
2012-8-2;20.38;20.5;20.06;20.26;0
2012-8-3;20.26;20.3;19.61;19.9;0
2012-8-6;19.88;20.18;19.85;20.15;0
2012-8-7;20.11;20.14;19.74;19.84;0
2012-8-8;19.86;20.07;19.77;20.05;0
2012-8-9;19.9;20.19;19.81;20.18;0
2012-8-10;20.11;20.45;20.11;20.26;0
2012-8-13;20.24;20.24;18.82;18.94;0
2012-8-14;18.94;19.02;18.49;18.8;0
2012-8-15;18.8;18.95;18.71;18.76;0
2012-8-16;18.75;18.89;18.64;18.76;0
2012-8-17;18.73;18.84;18.52;18.8;0
2012-8-20;18.57;18.71;18.25;18.59;0
2012-8-21;18.61;18.89;18.44;18.55;0
2012-8-22;18.56;18.71;18.27;18.47;0
2012-8-23;18.48;18.62;18.35;18.54;0
2012-8-24;18.59;18.68;18.4;18.47;0
2012-8-27;18.45;18.52;17.55;17.56;0
2012-8-28;17.56;17.84;17.46;17.57;0
2012-8-29;17.49;17.54;17.29;17.36;0
2012-8-30;17.12;17.87;17.12;17.68;0
2012-8-31;17.63;17.98;17.51;17.55;0
2012-9-3;17.41;18.14;17.4;18;0
2012-9-4;18.07;18.11;17.74;17.82;0
2012-9-5;17.77;18.02;17.68;17.73;0
2012-9-6;17.84;18.12;17.8;17.99;0
2012-9-7;18.25;19.24;18.25;19;0
2012-9-10;19.02;19.14;18.8;18.96;0
2012-9-11;18.88;18.88;18.49;18.62;0
2012-9-12;18.84;19.02;18.5;18.62;0
2012-9-13;18.62;18.68;18.43;18.45;0
2012-9-14;18.67;18.91;18.43;18.54;0
2012-9-17;18.43;18.67;18.07;18.09;0
2012-9-18;17.96;18.24;17.76;18.09;0
2012-9-19;18.08;18.29;18.03;18.24;0
2012-9-20;18.23;18.23;17.97;17.99;0
2012-9-21;17.92;18.08;17.76;17.88;0
2012-9-24;17.77;18.26;17.63;18.19;0
2012-9-25;18.16;18.62;18.16;18.36;0
2012-9-26;18.3;18.5;18.24;18.3;0
2012-9-27;18.36;19.15;18.36;18.88;0
2012-9-28;18.71;19.07;18.64;19.02;0
2012-10-8;19.07;19.4;18.75;18.8;0
2012-10-9;18.91;19.34;18.91;19.21;0
2012-10-10;19.14;19.23;19.05;19.14;0
2012-10-11;19.05;19.05;18.79;18.88;0
2012-10-12;19.04;19.27;18.76;18.82;0
2012-10-15;18.95;19.18;18.8;18.92;0
2012-10-16;18.92;19.16;18.84;18.94;0
2012-10-17;19.05;19.05;18.59;18.84;0
2012-10-18;18.82;19.03;18.6;18.95;0
2012-10-19;18.89;19.05;18.89;19.05;0
2012-10-22;18.96;19.17;18.92;19.15;0
2012-10-23;19.21;19.26;18.87;18.94;0
2012-10-24;18.88;19.06;18.81;18.9;0
2012-10-25;18.89;19;18.49;18.52;0
2012-10-26;18.53;18.62;17.89;18.02;0
2012-10-29;17.95;17.99;17.05;17.26;0
2012-10-30;17.32;17.67;17.32;17.45;0
2012-10-31;17.58;17.66;17.41;17.6;0
2012-11-1;17.6;18.05;17.5;17.84;0
2012-11-2;17.7;17.85;17.52;17.71;0
2012-11-5;17.69;17.75;17.36;17.58;0
2012-11-6;17.57;17.79;17.38;17.75;0
2012-11-7;17.75;17.75;17.55;17.65;0
2012-11-8;17.5;17.7;17.47;17.51;0
2012-11-9;17.48;17.58;17.43;17.51;0
2012-11-12;17.52;17.57;17.18;17.32;0
2012-11-13;17.33;17.33;17.01;17.04;0
2012-11-14;17.07;17.26;17.01;17.16;0
2012-11-15;17.1;17.36;17.03;17.13;0
2012-11-16;17.1;17.15;16.66;16.82;0
2012-11-19;16.75;16.8;15.69;16.55;0
2012-11-20;16.45;16.46;15.92;16.02;0
2012-11-21;16.01;16.55;16.01;16.53;0
2012-11-22;16.45;16.58;16.33;16.55;0
2012-11-23;16.58;17.16;16.53;16.83;0
2012-11-26;16.8;16.88;16.69;16.78;0
2012-11-27;16.75;16.85;16.39;16.43;0
2012-11-28;16.38;16.4;16.14;16.24;0
2012-11-29;16.19;16.37;16.12;16.18;0
2012-11-30;16.13;16.73;16.13;16.54;0
2012-12-3;16.51;17.1;16.47;16.61;0
2012-12-4;16.65;17.08;16.65;16.96;0
2012-12-5;16.94;17.76;16.94;17.65;0
2012-12-6;17.63;17.84;17.5;17.64;0
2012-12-7;17.59;17.9;17.43;17.83;0
2012-12-10;17.91;18.31;17.91;18.14;0
2012-12-11;18.09;18.22;17.98;18.05;0
2012-12-12;18.05;18.18;17.89;18.09;0
2012-12-13;18.04;18.04;17.57;17.62;0
2012-12-14;17.68;19.14;17.68;19.03;0
2012-12-17;19.03;19.5;18.99;19.28;0
2012-12-18;19.23;19.6;19.01;19.13;0
2012-12-19;19.07;19.27;18.82;18.94;0
2012-12-20;18.89;19.27;18.82;19.16;0
2012-12-21;19.24;19.66;19.09;19.22;0
2012-12-24;18.73;19.17;18.64;19.1;0
2012-12-25;18.95;19.78;18.92;19.5;0
2012-12-26;19.5;19.9;19.46;19.71;0
2012-12-27;19.84;19.95;19.52;19.6;0
2012-12-28;19.72;19.98;19.46;19.87;0
2012-12-31;19.95;20.79;19.95;20.54;0
2013-1-4;21.18;22.59;21.04;21.36;0
2013-1-7;21.36;21.58;21.12;21.41;0
2013-1-8;21.38;21.45;20.46;20.62;0
2013-1-9;20.43;20.57;20.15;20.44;0
2013-1-10;20.48;20.81;20.32;20.4;0
2013-1-11;20.44;20.56;20.05;20.15;0
2013-1-14;20.16;21.32;20.09;21.26;0
2013-1-15;21.26;21.74;21.19;21.3;0
2013-1-16;21.25;21.25;20.41;20.84;0
2013-1-17;20.76;20.82;20.32;20.44;0
2013-1-18;20.57;21.26;20.38;21.06;0
2013-1-21;21;21.06;20.54;20.76;0
2013-1-22;20.76;21.49;20.65;20.96;0
2013-1-23;20.95;21.28;20.82;21.06;0
2013-1-24;21.14;21.76;20.98;21.11;0
2013-1-25;21.11;21.27;20.41;20.67;0
2013-1-28;20.59;21.38;20.54;21.16;0
2013-1-29;21.36;21.61;20.77;21.19;0
2013-1-30;21.46;22.04;21.3;21.58;0
2013-1-31;21.67;21.99;21.42;21.87;0
2013-2-1;21.77;23.16;21.59;23.02;0
2013-2-4;23.71;24.16;23.13;23.35;0
2013-2-5;22.99;23.35;22.6;22.97;0
2013-2-6;23.09;24.15;23.08;23.94;0
2013-2-7;23.77;24.07;23.25;23.8;0
2013-2-8;23.75;23.93;23.1;23.53;0
2013-2-18;23.6;23.69;22.38;22.47;0
2013-2-19;22.47;22.56;21.76;22.12;0
2013-2-20;22.08;22.21;21.78;22.12;0
2013-2-21;21.78;21.81;20.81;21.2;0
2013-2-22;21.09;21.18;20.77;20.84;0
2013-2-25;20.99;21.33;20.54;20.77;0
2013-2-26;20.56;21.01;20.34;20.39;0
2013-2-27;20.52;20.86;20.41;20.5;0
2013-2-28;20.75;21.35;20.5;21.35;0
2013-3-1;21.35;21.38;20.45;20.84;0
2013-3-4;20.41;20.5;19.09;19.35;0
2013-3-5;19.48;20;19.21;19.93;0
2013-3-6;20.09;20.25;19.91;20.19;0
2013-3-7;19.95;20.04;19.48;19.78;0
2013-3-8;19.88;20.16;19.68;19.92;0
2013-3-11;19.83;20.02;19.54;19.59;0
2013-3-12;19.55;19.89;19.41;19.61;0
2013-3-13;19.59;19.66;19.25;19.33;0
2013-3-14;19.4;19.51;19.2;19.4;0
2013-3-15;19.05;19.86;18.85;19.01;0
2013-3-18;18.82;19.01;18.4;18.43;0
2013-3-19;18.44;18.88;18.44;18.86;0
2013-3-20;18.84;19.62;18.84;19.54;0
2013-3-21;19.54;19.8;19.46;19.57;0
2013-3-22;19.59;19.81;19.47;19.55;0
2013-3-25;19.74;19.86;19.28;19.43;0
2013-3-26;19.34;19.47;19.04;19.05;0
2013-3-27;19.14;19.39;19.07;19.11;0
2013-3-28;18.64;18.66;18.14;18.62;0
2013-3-29;18.63;19.09;18.39;18.94;0
2013-4-1;18.72;18.84;18.54;18.59;0
2013-4-2;18.49;18.8;18.26;18.38;0
2013-4-3;18.41;18.76;18.37;18.48;0
2013-4-8;18.14;18.25;17.81;18.14;0
2013-4-9;18.21;18.75;18.2;18.66;0
2013-4-10;18.64;18.9;18.52;18.67;0
2013-4-11;18.75;19.04;18.62;18.7;0
2013-4-12;18.68;18.84;18.59;18.66;0
2013-4-15;18.62;18.79;18.32;18.37;0
2013-4-16;18.14;18.84;18.11;18.83;0
2013-4-17;18.84;19.03;18.73;18.96;0
2013-4-18;18.82;19.19;18.75;19.16;0
2013-4-19;19.18;19.55;19.18;19.45;0
2013-4-22;19.23;19.29;18.98;19.02;0
2013-4-23;19.1;19.11;18.08;18.1;0
2013-4-24;18.16;18.66;18.09;18.31;0
2013-4-25;18.32;18.5;18.02;18.2;0
2013-4-26;18.25;18.33;18.03;18.05;0
2013-5-2;18.14;18.39;18.1;18.15;0
2013-5-3;18.28;18.8;18.23;18.63;0
2013-5-6;18.8;19.04;18.64;18.83;0
2013-5-7;18.77;18.92;18.66;18.74;0
2013-5-8;18.88;19.14;18.81;18.9;0
2013-5-9;18.95;18.97;18.55;18.64;0
2013-5-10;18.53;18.78;18.5;18.64;0
2013-5-13;18.53;18.63;18.14;18.23;0
2013-5-14;18.14;18.14;17.57;17.7;0
2013-5-15;17.75;17.81;17.39;17.55;0
2013-5-16;17.53;18.14;17.42;18.08;0
2013-5-17;18.09;18.44;18.01;18.34;0
2013-5-20;18.45;18.89;18.4;18.67;0
2013-5-21;18.69;18.79;18.37;18.53;0
2013-5-22;18.53;18.73;18.41;18.54;0
2013-5-23;18.5;18.5;18.03;18.04;0
2013-5-24;18.18;18.28;17.86;18.09;0
2013-5-27;18.05;18.25;17.96;18.03;0
2013-5-28;18.05;18.64;17.98;18.6;0
2013-5-29;18.67;18.76;18.35;18.38;0
2013-5-30;18.32;18.48;18.17;18.27;0
2013-5-31;18.32;18.43;18.08;18.1;0
2013-6-3;18.11;18.32;18.04;18.11;0
2013-6-4;18.11;18.12;17.8;17.88;0
2013-6-5;17.89;17.94;17.76;17.86;0
2013-6-6;17.8;17.84;17.6;17.65;0
2013-6-7;17.65;17.74;17.25;17.27;0
2013-6-13;17.04;17.04;16.58;16.67;0
2013-6-14;16.84;16.9;16.72;16.84;0
2013-6-17;17;17.29;16.85;17.17;0
2013-6-18;17.16;17.48;17.14;17.44;0
2013-6-19;17.38;17.38;17.16;17.23;0
2013-6-20;17.18;17.18;16.58;16.62;0
2013-6-21;16.4;17.13;16.29;16.95;0
2013-6-24;16.72;16.74;15.75;15.76;0
2013-6-25;15.71;15.92;14.85;15.82;0
2013-6-26;15.82;15.85;15.22;15.77;0
2013-6-27;15.67;15.89;15.37;15.71;0
2013-6-28;15.53;16.21;15.45;15.88;0
2013-7-1;15.72;15.82;15.31;15.76;0
2013-7-2;15.71;15.76;15.4;15.73;0
2013-7-3;15.6;15.6;15.31;15.54;0
2013-7-4;15.38;15.68;15.26;15.64;0
2013-7-5;15.66;15.81;15.54;15.77;0
2013-7-8;15.53;15.57;15.31;15.52;0
2013-7-9;15.45;15.51;15.35;15.42;0
2013-7-10;15.36;15.7;15.11;15.69;0
2013-7-11;15.72;17.05;15.66;16.56;0
2013-7-12;16.52;16.52;15.99;16;0
2013-7-15;16.13;16.56;15.94;16.1;0
2013-7-16;16.04;16.12;15.82;16;0
2013-7-17;16.01;16.1;15.69;15.71;0
2013-7-18;15.56;15.67;15.31;15.32;0
2013-7-19;15.32;15.52;14.93;15.26;0
2013-7-22;15.05;15.31;14.95;15.26;0
2013-7-23;15.26;15.65;15.15;15.45;0
2013-7-24;15.31;15.38;14.93;15.06;0
2013-7-25;15.12;15.22;14.92;14.94;0
2013-7-26;14.85;14.94;14.64;14.89;0
2013-7-29;14.72;14.82;14.48;14.66;0
2013-7-30;14.6;14.93;14.57;14.68;0
2013-7-31;14.76;14.92;14.61;14.66;0
2013-8-1;14.7;14.98;14.67;14.92;0
2013-8-2;15.02;15.1;14.76;14.77;0
2013-8-5;14.82;15.08;14.73;15.07;0
2013-8-6;15.06;15.2;14.85;15.08;0
2013-8-7;15.02;15.23;14.94;14.98;0
2013-8-8;14.96;15.25;14.89;15.04;0
2013-8-9;15.15;15.19;14.93;15.09;0
2013-8-12;15.19;15.78;15.12;15.77;0
2013-8-13;15.88;16.05;15.74;15.91;0
2013-8-14;15.88;16.25;15.86;15.94;0
2013-8-15;15.86;16.15;15.81;15.83;0
2013-8-16;15.76;16.65;15.49;15.71;0
2013-8-19;15.56;15.84;15.38;15.78;0
2013-8-20;15.68;16.05;15.53;15.63;0
2013-8-21;15.65;15.84;15.47;15.65;0
2013-8-22;15.6;15.87;15.58;15.58;0
2013-8-23;15.74;15.76;15.26;15.43;0
2013-8-26;15.52;15.81;15.36;15.74;0
2013-8-27;15.74;15.74;15.57;15.68;0
2013-8-28;15.52;15.57;15.31;15.39;0
2013-8-29;15.5;15.57;15.33;15.43;0
2013-8-30;15.58;16.23;15.56;15.93;0
2013-9-2;15.99;16.29;15.99;16.06;0
2013-9-3;16.16;16.54;16.15;16.48;0
2013-9-4;16.48;16.49;16.27;16.32;0
2013-9-5;16.36;16.48;16.26;16.33;0
2013-9-6;16.26;16.46;16.21;16.34;0
2013-9-9;16.36;17.36;16.36;17.18;0
2013-9-10;17.36;17.56;17.22;17.53;0
2013-9-11;17.75;18.28;17.49;17.5;0
2013-9-12;17.45;18.14;17.23;17.75;0
2013-9-13;17.62;17.81;17.24;17.27;0
2013-9-16;17.48;17.57;17.13;17.43;0
2013-9-17;17.41;17.96;17.27;17.35;0
2013-9-18;17.32;17.53;17.27;17.31;0
2013-9-23;17.43;17.69;17.4;17.54;0
2013-9-24;17.45;17.5;16.77;16.95;0
2013-9-25;16.91;17.08;16.76;16.86;0
2013-9-26;16.77;16.77;16.3;16.35;0
2013-9-27;16.36;16.53;16.34;16.45;0
2013-9-30;16.51;16.6;16.33;16.4;0
2013-10-8;16.26;16.58;16.2;16.49;0
2013-10-9;16.42;16.68;16.31;16.62;0
2013-10-10;16.67;16.68;16.24;16.33;0
2013-10-11;16.47;16.72;16.39;16.72;0
2013-10-14;16.74;17.19;16.58;16.95;0
2013-10-15;16.99;17.04;16.82;16.93;0
2013-10-16;16.91;16.91;16.35;16.47;0
2013-10-17;16.6;16.64;16.33;16.34;0
2013-10-18;16.37;16.58;16.32;16.4;0
2013-10-21;16.4;16.64;16.21;16.59;0
2013-10-22;16.54;16.56;16.3;16.37;0
2013-10-23;16.42;16.67;16.3;16.36;0
2013-10-24;16.33;16.33;16.05;16.07;0
2013-10-25;16.15;16.28;15.98;16.2;0
2013-10-28;16.49;16.53;16.24;16.35;0
2013-10-29;16.42;17.06;16.36;16.88;0
2013-10-30;16.9;17.21;16.81;17.17;0
2013-10-31;17.12;17.15;16.88;16.91;0
2013-11-1;16.91;17.45;16.91;17.25;0
2013-11-4;17.32;17.43;17;17.05;0
2013-11-5;16.99;16.99;16.56;16.88;0
2013-11-6;16.77;16.99;16.74;16.82;0
2013-11-7;16.9;16.98;16.67;16.79;0
2013-11-8;16.64;16.85;16.56;16.57;0
2013-11-11;16.54;16.74;16.51;16.65;0
2013-11-12;16.77;17.22;16.77;17.16;0
2013-11-13;16.95;17.04;16.63;16.66;0
2013-11-14;16.72;16.99;16.71;16.88;0
2013-11-15;16.89;17.66;16.89;17.54;0
2013-11-18;17.86;19.02;17.66;18.9;0
2013-11-19;18.88;19.24;18.65;18.73;0
2013-11-20;18.92;19;18.56;18.83;0
2013-11-21;18.74;18.76;18.14;18.38;0
2013-11-22;18.42;18.56;18.17;18.41;0
2013-11-25;18.37;19.22;18.23;18.56;0
2013-11-26;18.65;18.79;18.45;18.63;0
2013-11-27;18.63;19.28;18.52;19.03;0
2013-11-28;19.1;19.47;19.04;19.06;0
2013-11-29;19.11;19.2;18.92;19.09;0
2013-12-2;19.03;19.89;19.03;19.7;0
2013-12-3;19.57;19.91;19.25;19.75;0
2013-12-4;19.67;20.51;19.63;20.32;0
2013-12-5;20.31;20.44;20.16;20.22;0
2013-12-6;20.27;20.44;19.49;19.71;0
2013-12-9;20.03;20.17;19.52;19.71;0
2013-12-10;19.74;19.98;19.69;19.84;0
2013-12-11;19.67;19.67;19.05;19.17;0
2013-12-12;19.06;19.27;18.83;19.07;0
2013-12-13;18.83;19.46;18.72;19.42;0
2013-12-16;19.37;19.6;19.18;19.3;0
2013-12-17;19.3;19.39;18.91;19.29;0
2013-12-18;19.18;19.38;19.13;19.2;0
2013-12-19;19.38;19.48;18.76;18.79;0
2013-12-20;18.74;18.93;17.73;17.9;0
2013-12-23;17.98;18.34;17.79;18.15;0
2013-12-24;18.25;18.56;18.16;18.31;0
2013-12-25;18.32;18.52;18.14;18.42;0
2013-12-26;18.33;18.38;18.1;18.18;0
2013-12-27;18.28;18.92;18.19;18.76;0
2013-12-30;18.93;19.06;18.74;18.74;0
2013-12-31;18.69;19.23;18.65;19.17;0
2014-1-2;19.1;19.11;18.68;18.97;0
2014-1-3;18.69;18.79;18.41;18.51;0
2014-1-6;18.46;18.82;17.87;18.51;0
2014-1-7;18.2;18.51;18.2;18.41;0
2014-1-8;18.46;18.78;18.31;18.66;0
2014-1-9;18.6;18.78;18.24;18.36;0
2014-1-10;18.35;18.44;18.13;18.18;0
2014-1-13;18.25;18.43;17.9;18.12;0
2014-1-14;18.14;18.47;17.94;18.37;0
2014-1-15;18.34;18.39;18.05;18.24;0
2014-1-16;18.26;19.13;18.22;18.93;0
2014-1-17;18.85;18.96;18.6;18.77;0
2014-1-20;18.65;18.97;18.61;18.7;0
2014-1-21;18.74;19.25;18.74;18.99;0
2014-1-22;18.97;19.36;18.91;19.2;0
2014-1-23;19.11;19.18;18.74;18.83;0
2014-1-24;18.66;19.01;18.6;18.62;0
2014-1-27;18.36;18.36;17.77;17.91;0
2014-1-28;17.96;18.07;17.81;17.99;0
2014-1-29;18.05;18.09;17.93;18.04;0
2014-1-30;17.91;17.99;17.74;17.98;0
2014-2-7;17.73;17.74;17.41;17.55;0
2014-2-10;17.61;18;17.6;17.95;0
2014-2-11;17.9;18.37;17.78;18.17;0
2014-2-12;18.24;18.3;17.93;18.01;0
2014-2-13;18.03;18.13;17.68;17.89;0
2014-2-14;17.87;18.05;17.86;17.95;0
2014-2-17;18.19;18.27;17.95;18.14;0
2014-2-18;18.09;18.09;17.73;17.77;0
2014-2-19;17.76;18.11;17.65;17.96;0
2014-2-20;18.02;18.21;17.68;17.72;0
2014-2-21;17.73;17.94;17.62;17.93;0
2014-2-24;17.69;17.91;17.51;17.84;0
2014-2-25;17.78;17.81;17.16;17.29;0
2014-2-26;17.16;17.32;17.11;17.22;0
2014-2-27;17.31;17.59;17.1;17.45;0
2014-2-28;17.41;17.71;17.36;17.68;0
2014-3-3;17.58;17.61;17.32;17.45;0
2014-3-4;17.42;17.63;17.24;17.44;0
2014-3-5;17.52;17.52;17.23;17.3;0
2014-3-6;17.22;17.52;17.02;17.39;0
2014-3-7;17.26;17.5;17.13;17.24;0
2014-3-10;17.03;17.03;16.57;16.62;0
2014-3-11;16.55;16.76;16.53;16.63;0
2014-3-12;16.58;16.84;16.58;16.69;0
2014-3-13;16.77;17.05;16.69;16.88;0
2014-3-14;16.81;16.99;16.77;16.85;0
2014-3-17;16.97;17.04;16.82;16.92;0
2014-3-18;16.94;16.94;16.69;16.7;0
2014-3-19;16.64;16.7;16.31;16.54;0
2014-3-20;16.54;16.97;16.4;16.58;0
2014-3-21;16.49;17.32;16.49;17.22;0
2014-3-24;17.27;17.43;17.16;17.34;0
2014-3-25;17.25;17.4;17.02;17.06;0
2014-3-26;17.15;17.26;17.02;17.08;0
2014-3-27;17.05;17.2;16.84;17.08;0
2014-3-28;16.99;17.22;16.97;17.16;0
2014-3-31;17.22;17.35;17.12;17.25;0
2014-4-1;17.25;17.56;17.2;17.32;0
2014-4-2;17.35;17.69;17.28;17.68;0
2014-4-3;17.77;18.11;17.7;17.71;0
2014-4-4;17.6;17.91;17.55;17.88;0
2014-4-8;17.82;18.44;17.8;18.32;0
2014-4-9;18.32;18.37;18.04;18.13;0
2014-4-10;18.14;19.84;17.96;19.42;0
2014-4-11;19.43;19.44;18.81;18.93;0
2014-4-14;18.92;19.04;18.61;18.74;0
2014-4-15;18.64;18.69;18.33;18.4;0
2014-4-16;18.37;18.59;18.29;18.46;0
2014-4-17;18.53;18.58;18.17;18.19;0
2014-4-18;18.09;18.29;17.95;18.18;0
2014-4-21;18.03;18.28;17.83;17.87;0
2014-4-22;17.86;18.05;17.75;18.03;0
2014-4-23;17.96;18.13;17.85;17.9;0
2014-4-24;17.91;18.21;17.87;18.15;0
2014-4-25;18.12;18.18;17.88;17.92;0
2014-4-28;17.83;17.99;17.46;17.5;0
2014-4-29;17.69;18.08;17.69;17.95;0
2014-4-30;18.07;18.08;17.9;17.98;0
2014-5-5;17.9;18.11;17.81;18.01;0
2014-5-6;17.94;18.28;17.92;18.16;0
2014-5-7;18.04;18.2;17.98;18.08;0
2014-5-8;18.05;18.52;17.99;18.07;0
2014-5-9;18.14;18.18;17.97;18.03;0
2014-5-12;18.2;18.51;18.15;18.4;0
2014-5-13;18.41;18.56;18.25;18.34;0
2014-5-14;18.36;18.49;18.28;18.31;0
2014-5-15;18.35;18.4;18.15;18.2;0
2014-5-16;18.24;18.24;17.91;18.16;0
2014-5-19;18.14;18.16;17.69;17.78;0
2014-5-20;17.9;17.95;17.76;17.81;0
2014-5-21;17.77;18.02;17.67;17.99;0
2014-5-22;17.99;18.25;17.96;17.97;0
2014-5-23;17.97;18.1;17.97;18.09;0
2014-5-26;18.18;18.27;17.91;18.03;0
2014-5-27;18.01;18.13;17.96;18.04;0
2014-5-28;18.03;18.33;17.95;18.29;0
2014-5-29;18.33;18.55;18.15;18.36;0
2014-5-30;18.41;18.43;18.24;18.32;0
2014-6-3;18.35;18.51;18.32;18.33;0
2014-6-4;18.3;18.3;17.95;18.06;0
2014-6-5;18.03;18.32;18;18.28;0
2014-6-6;18.27;18.3;18.02;18.12;0
2014-6-9;18.03;18.39;18.03;18.24;0
2014-6-10;18.26;18.59;18.26;18.58;0
2014-6-11;18.49;18.55;18.3;18.43;0
2014-6-12;18.41;18.52;18.32;18.36;0
2014-6-13;18.37;18.83;18.33;18.75;0
2014-6-16;18.74;18.9;18.68;18.79;0
2014-6-17;18.76;18.76;18.44;18.55;0
2014-6-18;18.58;18.65;18.45;18.49;0
2014-6-19;18.56;18.58;18.24;18.29;0
2014-6-20;18.34;18.43;18.25;18.39;0
2014-6-23;18.37;18.57;18.19;18.23;0
2014-6-24;18.23;18.29;18.06;18.25;0
2014-6-25;18.26;18.26;18.03;18.11;0
2014-6-26;18.14;18.24;18.11;18.24;0
2014-6-27;18.25;18.25;18;18.06;0
2014-6-30;18.08;18.37;18.07;18.28;0
2014-7-1;18.36;18.42;18.17;18.25;0
2014-7-2;18.26;18.41;18.21;18.32;0
2014-7-3;18.35;18.47;18.29;18.37;0
2014-7-4;18.37;18.64;18.37;18.53;0
2014-7-7;18.53;18.68;18.45;18.6;0
2014-7-8;18.57;18.63;18.5;18.62;0
2014-7-9;18.59;18.8;18.44;18.45;0
2014-7-10;18.53;18.58;18.22;18.3;0
2014-7-11;18.39;18.43;18.26;18.31;0
2014-7-14;18.32;18.58;18.31;18.56;0
2014-7-15;18.56;18.7;18.46;18.55;0
2014-7-16;18.55;18.72;18.39;18.45;0
2014-7-17;18.44;18.56;18.39;18.54;0
2014-7-18;18.47;18.68;18.37;18.5;0
2014-7-21;18.51;18.65;18.47;18.52;0
2014-7-22;18.42;18.79;18.42;18.69;0
2014-7-23;18.68;19.24;18.68;19.09;0
2014-7-24;19.13;19.73;19.13;19.6;0
2014-7-25;19.65;19.86;19.57;19.72;0
2014-7-28;19.86;20.48;19.85;20.36;0
2014-7-29;20.3;20.52;20.14;20.41;0
2014-7-30;20.3;20.59;20.21;20.4;0
2014-7-31;20.43;20.77;20.15;20.73;0
2014-8-1;20.7;20.85;20.3;20.31;0
2014-8-4;20.4;20.97;20.24;20.95;0
2014-8-5;20.91;20.95;20.49;20.66;0
2014-8-6;20.53;20.53;20.09;20.29;0
2014-8-7;20.33;20.35;19.93;19.97;0
2014-8-8;20.04;20.1;19.8;19.89;0
2014-8-11;19.98;20.33;19.94;20.23;0
2014-8-12;20.18;20.18;19.85;19.97;0
2014-8-13;19.98;20.35;19.91;20.33;0
2014-8-14;20.44;20.53;20;20.05;0
2014-8-15;20.09;20.47;20.02;20.37;0
2014-8-18;20.4;20.5;20.21;20.3;0
2014-8-19;20.35;20.4;19.96;20.15;0
2014-8-20;20.07;20.1;19.86;19.94;0
2014-8-21;19.94;20.04;19.56;19.76;0
2014-8-22;19.75;19.93;19.74;19.91;0
2014-8-25;19.88;19.91;19.6;19.63;0
2014-8-26;19.62;19.78;19.54;19.69;0
2014-8-27;19.76;19.81;19.65;19.71;0
2014-8-28;19.73;19.81;19.54;19.56;0
2014-8-29;19.68;19.77;19.56;19.74;0
2014-9-1;19.79;19.88;19.72;19.81;0
2014-9-2;19.86;19.99;19.68;19.98;0
2014-9-3;20;20.26;20;20.16;0
2014-9-4;20.21;20.47;20.14;20.43;0
2014-9-5;20.5;20.71;20.33;20.51;0
2014-9-9;20.48;20.65;20.23;20.27;0
2014-9-10;20.14;20.14;19.93;20.05;0
2014-9-11;20.02;20.33;19.88;19.99;0
2014-9-12;19.95;20.05;19.87;20.04;0
2014-9-15;19.88;19.91;19.65;19.75;0
2014-9-16;19.79;19.83;19.53;19.55;0
2014-9-17;19.67;19.67;19.53;19.58;0
2014-9-18;19.56;19.72;19.5;19.63;0
2014-9-19;19.64;19.84;19.6;19.81;0
2014-9-22;19.72;19.72;19.16;19.17;0
2014-9-23;19.19;19.33;19.12;19.29;0
2014-9-24;19.19;19.81;19.19;19.79;0
2014-9-25;19.87;19.95;19.56;19.6;0
2014-9-26;19.56;19.6;19.38;19.54;0
2014-9-29;19.62;19.62;19.33;19.44;0
2014-9-30;19.48;19.49;19.3;19.32;0
2014-10-8;19.39;19.57;19.29;19.57;0
2014-10-9;19.58;19.76;19.53;19.58;0
2014-10-10;19.5;19.5;19.3;19.34;0
2014-10-13;19.23;19.25;18.99;19.1;0
2014-10-14;19.09;19.23;19;19.04;0
2014-10-15;19.1;19.33;19.01;19.32;0
2014-10-16;19.15;19.47;19.08;19.22;0
2014-10-17;19.28;19.37;19.07;19.23;0
2014-10-20;19.34;19.51;19.22;19.29;0
2014-10-21;19.27;19.41;19.12;19.14;0
2014-10-22;19.22;19.58;19.17;19.36;0
2014-10-23;19.3;19.55;19.2;19.22;0
2014-10-24;19.21;19.31;19.17;19.19;0
2014-10-27;18.95;18.99;18.67;18.74;0
2014-10-28;18.77;19.04;18.76;19.02;0
2014-10-29;19.39;19.72;19.31;19.65;0
2014-10-30;19.62;19.7;19.44;19.65;0
2014-10-31;19.74;20.31;19.71;20.09;0
2014-11-3;20.19;20.37;19.95;20.04;0
2014-11-4;20.07;20.07;19.82;19.88;0
2014-11-5;19.9;19.96;19.74;19.87;0
2014-11-6;19.88;19.94;19.6;19.69;0
2014-11-10;20.19;20.33;19.82;20.06;0
2014-11-11;20.16;20.72;20.02;20.12;0
2014-11-12;20.08;20.51;19.98;20.47;0
2014-11-13;20.62;20.97;20.51;20.7;0
2014-11-14;20.61;20.84;20.36;20.81;0
2014-11-17;21.43;21.44;20.26;20.3;0
2014-11-18;20.27;20.35;19.82;19.9;0
2014-11-19;19.91;20.05;19.83;19.89;0
2014-11-20;19.84;20.29;19.76;20.05;0
2014-11-21;20;20.66;19.81;20.55;0
2014-11-24;20.97;21.78;20.84;21.43;0
2014-11-25;21.4;21.57;21.32;21.44;0
2014-11-26;21.5;22.5;21.45;22.37;0
2014-11-27;22.76;23.22;22.52;22.82;0
2014-11-28;22.84;23.33;22.48;23.19;0
2014-12-1;24.77;25.16;23.65;23.72;0
2014-12-2;23.6;25.88;23.53;25.37;0
2014-12-3;25.56;26.73;25.12;25.71;0
2014-12-4;25.72;28.15;25.51;28.03;0
2014-12-5;28.42;29.44;26.65;27.63;0
2014-12-8;27.62;30.37;27.11;30.3;0
2014-12-9;29.16;31.37;27.27;27.72;0
2014-12-10;28.04;28.51;26.38;27.87;0
2014-12-11;27.1;27.77;26.45;26.55;0
2014-12-12;26.69;27.64;26.55;26.67;0
2014-12-15;26.63;27.2;26.41;27.1;0
2014-12-16;27.42;29.53;27.2;29.49;0
2014-12-17;29.74;30.28;28.84;29.78;0
2014-12-18;30.37;31.77;29.91;30.72;0
2014-12-19;31.25;31.25;29.21;30.35;0
2014-12-22;30.47;31.92;30.19;30.77;0
2014-12-23;30.23;32.8;29.68;30.55;0
2014-12-24;30.59;30.79;27.99;28.37;0
2014-12-25;28.6;29.85;28.18;29.63;0
2014-12-26;29.9;31.83;29.72;31.69;0
2014-12-29;32.95;34.68;31.82;33.17;0
2014-12-30;32.79;34.57;32.59;34.01;0
2014-12-31;34.35;34.99;33.78;34.91;0
2015-1-5;36.36;36.82;35.16;35.59;0
2015-1-6;34.76;35.87;33.65;34.45;0
2015-1-7;34.25;35.28;33.88;34.3;0
2015-1-8;34.81;35.01;33.09;33.22;0
2015-1-9;33.27;36.53;33.05;34.04;0
2015-1-12;34.57;35.63;33.79;35.13;0
2015-1-13;35.19;35.97;34.59;35.1;0
2015-1-14;35.17;35.46;34.15;34.51;0
2015-1-15;34.58;37.12;34.44;36.86;0
2015-1-16;37.1;38.04;36.41;36.59;0
2015-1-19;32.93;34.32;32.93;32.93;0
2015-1-20;32.85;33.7;32.01;33;0
2015-1-21;33.32;36.24;33.22;36.15;0
2015-1-22;36.12;36.31;34.82;35.27;0
2015-1-23;35.52;37.2;35.28;35.89;0
2015-1-26;35.66;35.72;34.91;35.33;0
2015-1-27;35.57;36.19;33.57;34.56;0
2015-1-28;34.06;34.39;33.6;33.78;0
2015-1-29;33.18;33.49;32.62;32.97;0
2015-1-30;33.04;33.58;32.16;32.38;0
2015-2-2;30.98;31.66;30.82;30.94;0
2015-2-3;31.39;32.94;30.84;32.28;0
2015-2-4;32.37;32.86;31.49;31.54;0
2015-2-5;32.71;32.71;30.75;30.81;0
2015-2-6;30.8;31.81;30.61;30.99;0
2015-2-9;30.94;32.29;30.84;31.78;0
2015-2-10;31.54;32.23;31.41;32.01;0
2015-2-11;32.2;33.01;32;32.78;0
2015-2-12;32.76;32.94;32.07;32.66;0
2015-2-13;32.87;33.33;32.6;32.67;0
2015-2-16;32.8;33.38;32.6;32.86;0
2015-2-17;32.98;33.38;32.89;32.98;0
2015-2-25;32.88;32.9;31.63;31.85;0
2015-2-26;31.78;32.79;31.3;32.65;0
2015-2-27;32.78;33.28;32.59;32.84;0
2015-3-2;33.18;33.25;32.31;32.66;0
2015-3-3;32.38;32.38;31.29;31.37;0
2015-3-4;31.38;31.64;31.08;31.28;0
2015-3-5;30.84;30.91;30.28;30.45;0
2015-3-6;30.49;30.7;30.33;30.37;0
2015-3-9;30.08;31.2;29.5;30.99;0
2015-3-10;30.75;30.9;30.34;30.7;0
2015-3-11;30.84;31.59;30.77;30.94;0
2015-3-12;31.4;32.46;31.08;32.15;0
2015-3-13;32.35;33.04;31.95;32.22;0
2015-3-16;32.65;34.36;32.25;34.33;0
2015-3-17;35.05;35.34;34.53;34.91;0
2015-3-18;35.34;36.21;35;36.18;0
2015-3-19;35.87;35.87;35;35.39;0
2015-3-20;36.82;37.38;36.17;36.64;0
2015-3-23;36.99;37.15;36.16;36.43;0
2015-3-24;36.41;36.42;35.21;35.39;0
2015-3-25;35.23;35.84;34.77;35.09;0
2015-3-26;34.95;37.33;34.51;36.52;0
2015-3-27;36.52;36.56;35.66;35.85;0
2015-3-30;36.44;37.48;35.98;37.37;0
2015-3-31;38.4;38.69;36.4;36.56;0
2015-4-1;36.99;37.44;36.59;36.99;0
2015-4-2;37.33;37.35;36;36.46;0
2015-4-3;36.3;36.91;36.17;36.78;0
2015-4-7;37.01;37.98;36.68;37.87;0
2015-4-8;37.98;39.23;37.15;38.51;0
2015-4-9;38.66;39.92;37.91;38.06;0
2015-4-10;38.12;40.32;38;40.25;0
2015-4-13;41.02;41.49;40.23;40.29;0
2015-4-14;40.29;40.29;39.16;39.57;0
2015-4-15;39.49;40.77;39.21;39.52;0
2015-4-16;39.25;42.48;39.11;42.43;0
2015-4-17;43.18;43.65;41.72;42.02;0
2015-4-20;41.23;42.02;39.79;39.97;0
2015-4-21;40.42;41.26;39.74;41.12;0
2015-4-22;41.49;42.38;41.28;42.11;0
2015-4-23;42.17;42.2;40.87;41.17;0
2015-4-24;40.28;40.56;39.21;39.66;0
2015-4-27;40.05;40.64;39.8;40.34;0
2015-4-28;40.28;41.17;39.55;40.22;0
2015-4-29;40.56;41.33;40.18;40.94;0
2015-4-30;41.59;42.19;41.12;41.43;0
2015-5-4;41.64;42.3;40.52;42.28;0
2015-5-5;42.31;42.43;40.16;40.26;0
2015-5-6;40.56;43.81;40.43;41.39;0
2015-5-7;40.66;41.35;40.12;40.68;0
2015-5-8;41.18;41.31;39.73;40.61;0
2015-5-11;40.66;41.99;40.2;41.46;0
2015-5-12;41.15;41.95;40.89;41.57;0
2015-5-13;41.57;41.8;40.5;40.66;0
2015-5-14;40.63;41.12;40.2;40.33;0
2015-5-15;40.33;40.33;39.11;39.45;0
2015-5-18;39.16;39.28;38.46;38.51;0
2015-5-19;38.58;40.24;38.57;39.93;0
2015-5-20;40.13;40.63;39.58;39.99;0
2015-5-21;40.04;40.79;39.86;40.47;0
2015-5-22;40.81;41.88;40.75;41.85;0
2015-5-25;42.52;43.22;42.32;42.8;0
2015-5-26;43.83;44.07;42.52;43.54;0
2015-5-27;43.32;43.64;42.2;42.55;0
2015-5-28;42.41;42.55;39.67;39.82;0
2015-5-29;40.1;40.4;39.26;39.93;0
2015-6-1;39.63;41.26;39.11;40.85;0
2015-6-2;40.89;41.02;39.72;40.37;0
2015-6-3;40.37;40.65;39.73;39.97;0
2015-6-4;40.01;41.25;39.16;41.13;0
2015-6-5;41.7;41.95;39.77;40.63;0
2015-6-8;40.89;43.25;40.52;42.99;0
2015-6-9;42.9;43.08;41.44;41.77;0
2015-6-10;41.26;41.91;40.88;41.33;0
2015-6-11;41.35;43.16;40.79;42.18;0
2015-6-12;42.38;42.83;41.9;42.14;0
2015-6-15;42.26;42.52;40.55;40.65;0
2015-6-16;40.19;41.29;40;40.42;0
2015-6-17;40.66;40.98;40.19;40.66;0
2015-6-18;40.56;40.56;39.2;39.23;0
2015-6-19;38.88;39.53;37.42;37.59;0
2015-6-23;37.85;39.53;37.69;39.45;0
2015-6-24;39.56;39.86;38.79;39.66;0
2015-6-25;39.78;39.95;38.51;38.52;0
2015-6-26;37.85;39.17;34.79;36.19;0
2015-6-29;36.92;37.33;33.75;35.76;0
2015-6-30;35.98;38.32;35.52;38.29;0
2015-7-1;37.85;38.09;36.31;36.76;0
2015-7-2;36.91;37.33;35.14;36.36;0
2015-7-3;35.98;36.91;33.8;34.8;0
2015-7-6;37.52;37.71;35.09;36.55;0
2015-7-7;35.86;40.2;33.23;40.2;0
2015-7-8;36.22;37.99;36.18;36.2;0
2015-7-9;36.2;39.16;33.66;37.57;0
2015-7-10;36.92;40.19;36.64;38.41;0
2015-7-13;37.82;38.67;37.1;37.68;0
2015-7-14;37.16;37.85;36.36;36.74;0
2015-7-15;36.45;37.38;36.12;36.93;0
2015-7-16;36.82;37.14;36.22;36.67;0
2015-7-17;36.92;37.99;36.67;37.6;0
2015-7-20;38.3;38.5;37.62;37.89;0
2015-7-21;37.62;37.96;37.29;37.64;0
2015-7-22;37.6;37.64;36.68;37.03;0
2015-7-23;37.36;38.68;37.14;38.59;0
2015-7-24;38.64;38.64;37.64;37.67;0
2015-7-27;37.51;37.69;34.22;34.38;0
2015-7-28;32.92;34.54;32.52;33.01;0
2015-7-29;33.63;33.84;31.79;32.86;0
2015-7-30;32.82;33.93;32.07;32.27;0
2015-7-31;31.98;32.37;31.14;31.38;0
2015-8-3;31.03;31.4;30.36;31.37;0
2015-8-4;31.13;32.26;30.99;32.17;0
2015-8-5;31.97;32.06;31.23;31.31;0
2015-8-6;30.82;31.64;30.67;30.93;0
2015-8-7;31.35;32.2;31.18;31.87;0
2015-8-10;31.97;33.33;31.57;33;0
2015-8-11;32.82;33.56;32.63;32.79;0
2015-8-12;32.45;32.69;31.76;31.78;0
2015-8-13;31.7;32.24;31.5;32.04;0
2015-8-14;32.14;32.22;31.79;31.87;0
2015-8-17;31.42;31.5;30.66;31.01;0
2015-8-18;31.06;31.63;29.38;29.43;0
2015-8-19;29.11;29.76;28.68;29.54;0
2015-8-20;29.15;29.53;28.7;28.73;0
2015-8-21;28.65;29.29;27.55;27.64;0
2015-8-24;26.79;26.8;24.87;24.87;0
2015-8-25;23.79;25.91;23.18;23.61;0
2015-8-26;23.7;25.67;23.62;24.79;0
2015-8-27;25.77;27.27;25.36;27.27;0
2015-8-28;27.74;28.58;27.08;27.88;0
2015-8-31;27.14;28.54;26.82;28.49;0
2015-9-1;27.77;28.38;26.94;28.36;0
2015-9-2;27.41;28.44;27.3;28.19;0
2015-9-7;27.88;28.48;26.9;27.16;0
2015-9-8;27.14;28.09;27.14;27.99;0
2015-9-9;28.25;29.01;28.02;28.59;0
2015-9-10;28.46;28.73;28.21;28.64;0
2015-9-11;28.54;28.83;28.02;28.23;0
2015-9-14;28.36;28.57;27.18;28.52;0
2015-9-15;28.01;28.19;27.44;27.87;0
2015-9-16;27.75;29.49;27.5;28.91;0
2015-9-17;28.85;29.5;28.48;28.63;0
2015-9-18;28.78;29.43;28.73;28.92;0
2015-9-21;28.58;29.47;28.43;29.29;0
2015-9-22;29.43;30.33;29.17;30.06;0
2015-9-23;29.61;29.88;29.06;29.11;0
2015-9-24;29.25;29.64;29.18;29.46;0
2015-9-25;29.34;29.71;28.93;29.55;0
2015-9-28;29.38;29.45;29.03;29.24;0
2015-9-29;28.84;28.84;28.07;28.32;0
2015-9-30;28.43;28.56;28.17;28.25;0
2015-10-8;30.28;30.42;28.91;29.05;0
2015-10-9;29.43;30.12;29.33;29.97;0
2015-10-12;29.91;31.16;29.86;30.88;0
2015-10-13;30.56;30.91;30.37;30.47;0
2015-10-14;30.34;30.55;29.96;29.97;0
2015-10-15;30.09;30.74;29.97;30.71;0
2015-10-16;30.89;31.37;30.75;31.02;0
2015-10-19;31.03;31.58;30.87;31.38;0
2015-10-20;31.18;31.27;30.75;31.14;0
2015-10-21;31.19;31.85;30.34;31.08;0
2015-10-22;30.75;31.27;30.61;31.09;0
2015-10-23;31.22;32.17;31.19;31.91;0
2015-10-26;32.19;33.6;31.72;31.76;0
2015-10-27;31.8;33.25;31.23;32.52;0
2015-10-28;32.36;32.5;31.7;31.74;0
2015-10-29;31.9;32.03;31.42;31.58;0
2015-10-30;31.6;32.12;31.45;31.69;0
2015-11-2;31.36;31.66;31.14;31.24;0
2015-11-3;31.39;31.48;31.13;31.24;0
2015-11-4;31.31;33.47;31.31;33.12;0
2015-11-5;32.65;35.46;32.61;33.42;0
2015-11-6;33.35;34.53;33.14;34.24;0
2015-11-9;34.36;35.41;34.21;34.49;0
2015-11-10;34.06;34.95;33.87;34.3;0
2015-11-11;34.11;34.29;33.56;33.91;0
2015-11-12;34.14;34.14;33.48;33.52;0
2015-11-13;33.16;33.57;33.03;33.16;0
2015-11-16;32.68;33.26;32.6;33.23;0
2015-11-17;33.45;34.42;33.23;33.36;0
2015-11-18;33.35;33.47;32.88;33;0
2015-11-19;33.13;33.46;33.07;33.41;0
2015-11-20;33.4;33.48;33.11;33.15;0
2015-11-23;33.18;33.38;33.02;33.09;0
2015-11-24;33.03;33.3;32.72;33.09;0
2015-11-25;33.07;33.2;32.98;33.15;0
2015-11-26;33.3;33.51;33.12;33.14;0
2015-11-27;33.12;33.19;31.59;32.02;0
2015-11-30;31.88;32.17;31.18;31.98;0
2015-12-1;31.97;33.02;31.8;32.28;0
2015-12-2;32.36;34.25;32.15;34.07;0
2015-12-3;33.62;34.63;33.42;34.03;0
2015-12-4;33.55;33.76;32.93;33.07;0
2015-12-7;33.12;33.26;32.67;32.87;0
2015-12-8;32.64;32.97;32.49;32.57;0
2015-12-9;32.59;32.98;32.49;32.59;0
2015-12-10;32.56;33.35;32.54;32.63;0
2015-12-11;32.54;32.79;32.34;32.71;0
2015-12-14;32.31;34.01;32.19;33.7;0
2015-12-15;33.59;33.69;33.16;33.36;0
2015-12-16;33.4;33.62;33.23;33.31;0
2015-12-17;33.65;33.95;33.37;33.6;0
2015-12-18;33.5;34.33;33.46;33.86;0
2015-12-21;33.86;35.23;33.73;34.91;0
2015-12-22;34.87;35.11;34.45;34.94;0
2015-12-23;34.93;35.84;34.82;34.99;0
2015-12-24;35.06;35.57;34.5;34.93;0
2015-12-25;34.91;35.17;34.73;34.91;0
2015-12-28;34.96;35.1;33.74;33.78;0
2015-12-29;33.78;34.24;33.75;34.2;0
2015-12-30;34.31;34.33;33.53;33.83;0
2015-12-31;33.86;34.24;33.51;34.06;0
2016-1-4;33.91;33.91;32.07;32.22;0
2016-1-5;31.87;32.94;31.7;32.64;0
2016-1-6;32.45;32.79;32.17;32.67;0
2016-1-7;32.17;32.66;31.22;31.95;0
2016-1-8;32.17;32.6;31.13;32.11;0
2016-1-11;31.22;31.54;30.28;30.31;0
2016-1-12;30.53;30.81;30.11;30.48;0
2016-1-13;31.01;31.02;30.14;30.27;0
2016-1-14;29.24;30.33;29.14;30.27;0
2016-1-15;29.94;30.15;29.24;29.52;0
2016-1-18;29.08;29.59;28.94;29.4;0
2016-1-19;29.54;29.97;29.09;29.81;0
2016-1-20;29.54;29.76;28.66;28.89;0
2016-1-21;28.73;29.15;28.26;28.53;0
2016-1-22;28.73;28.85;28.08;28.59;0
2016-1-25;28.66;28.73;28.28;28.63;0
2016-1-26;28.3;28.48;27.42;27.66;0
2016-1-27;27.77;27.89;27.25;27.65;0
2016-1-28;27.63;28.02;27.22;27.72;0
2016-1-29;27.63;28.74;27.55;28.56;0
2016-2-1;28.54;28.54;27.73;27.94;0
2016-2-2;27.94;28.48;27.91;28.36;0
2016-2-3;27.91;28.2;27.53;28.04;0
2016-2-4;28.17;28.44;27.9;28.11;0
2016-2-5;28.1;28.38;28.02;28.06;0
2016-2-15;27.15;28.19;27.08;27.85;0
2016-2-16;27.96;28.69;27.87;28.5;0
2016-2-17;28.51;28.7;28.31;28.42;0
2016-2-18;28.65;28.85;28.2;28.3;0
2016-2-19;28.3;28.53;28.13;28.31;0
2016-2-22;28.65;29.95;28.41;29.3;0
2016-2-23;29.29;29.3;28.61;28.86;0
2016-2-24;28.67;28.95;28.41;28.77;0
2016-2-25;28.73;28.73;27.31;27.4;0
2016-2-26;27.75;27.82;27.38;27.53;0
2016-2-29;27.49;27.58;26.31;27.45;0
2016-3-1;27.34;28.09;27.02;27.68;0
2016-3-2;27.77;28.67;27.77;28.56;0
2016-3-3;28.62;28.85;28.37;28.74;0
2016-3-4;28.65;29.9;28.51;29.85;0
2016-3-7;29.69;29.88;29.15;29.38;0
2016-3-8;29.31;29.66;28.38;29.61;0
2016-3-9;29.16;29.76;28.63;29.69;0
2016-3-10;29.31;29.61;29.05;29.08;0
2016-3-11;28.92;29.43;28.83;29.37;0
2016-3-14;29.32;29.87;29.24;29.44;0
2016-3-15;29.38;29.79;29;29.67;0
2016-3-16;29.43;30.52;29.38;30.4;0
2016-3-17;30.37;30.63;30.16;30.28;0
2016-3-18;30.58;30.67;30.16;30.39;0
2016-3-21;30.65;31.98;30.5;31.06;0
2016-3-22;30.89;31.26;30.28;30.37;0
2016-3-23;30.55;31;30.35;30.52;0
2016-3-24;30.34;30.36;30.04;30.09;0
2016-3-25;30.1;31.03;29.94;30.33;0
2016-3-28;30.37;30.61;29.66;29.77;0
2016-3-29;29.91;30.05;29.46;29.57;0
2016-3-30;29.9;30.33;29.82;30.27;0
2016-3-31;30.36;30.45;30;30.1;0
2016-4-1;30.12;30.24;29.53;30.2;0
2016-4-5;29.99;30.47;29.8;30.28;0
2016-4-6;30.07;30.24;29.94;30.03;0
2016-4-7;30.17;30.24;29.67;29.68;0
2016-4-8;29.52;29.59;29.37;29.48;0
2016-4-11;29.63;30.13;29.63;29.81;0
2016-4-12;29.79;30.04;29.71;29.85;0
2016-4-13;30.09;30.52;30.01;30.19;0
2016-4-14;30.35;30.64;30.16;30.3;0
2016-4-15;30.31;30.37;30.16;30.27;0
2016-4-18;30.09;30.36;29.81;30.08;0
2016-4-19;30.28;30.31;30.04;30.21;0
2016-4-20;30.22;30.51;29.44;30.48;0
2016-4-21;30.22;30.75;30.14;30.49;0
2016-4-22;30.28;30.8;30.16;30.67;0
2016-4-25;30.56;30.75;30.25;30.58;0
2016-4-26;30.58;30.78;30.48;30.65;0
2016-4-27;30.82;30.86;30.48;30.52;0
2016-4-28;30.52;30.64;30.29;30.46;0
2016-4-29;30.36;30.66;30.23;30.31;0
2016-5-3;30.29;30.68;30.14;30.19;0
2016-5-4;30.21;30.31;30.17;30.21;0
2016-5-5;30.21;30.32;30.15;30.23;0
2016-5-6;30.28;30.29;29.7;29.71;0
2016-5-9;29.7;29.71;29.38;29.48;0
2016-5-10;29.41;29.58;29.35;29.51;0
2016-5-11;29.56;29.68;29.48;29.57;0
2016-5-12;29.52;30.14;29.28;30;0
2016-5-13;29.85;30.14;29.79;30.01;0
2016-5-16;29.86;29.99;29.81;29.91;0
2016-5-17;29.9;29.95;29.76;29.81;0
2016-5-18;29.72;30.17;29.68;30.1;0
2016-5-19;30;30.18;29.99;30.12;0
2016-5-20;30.11;30.25;30.01;30.11;0
2016-5-23;30.05;30.24;30;30.12;0
2016-5-24;30.01;30.12;29.8;29.94;0
2016-5-25;30.12;30.16;29.89;29.91;0
2016-5-26;29.91;30.08;29.8;29.93;0
2016-5-27;29.99;30;29.88;29.9;0
2016-5-30;30.04;30.22;29.8;30.19;0
2016-5-31;30.22;31.7;30.22;30.96;0
2016-6-1;30.93;31.05;30.51;30.55;0
2016-6-2;30.57;30.75;30.37;30.48;0
2016-6-3;30.7;30.7;30.3;30.6;0
2016-6-6;30.66;30.7;30.32;30.38;0
2016-6-7;30.49;30.5;30.35;30.41;0
2016-6-8;30.39;30.49;30.3;30.42;0
2016-6-13;30.23;30.31;29.99;30.09;0
2016-6-14;29.98;30.3;29.8;30.26;0
2016-6-15;29.92;30.35;29.91;30.26;0
2016-6-16;30.12;30.39;30.12;30.25;0
2016-6-17;30.25;30.46;30.2;30.26;0
2016-6-20;30.47;30.47;30.25;30.39;0
2016-6-21;30.45;30.73;30.29;30.33;0
2016-6-22;30.32;30.42;30.25;30.35;0
2016-6-23;30.36;30.41;30.25;30.28;0
2016-6-24;30.26;30.4;29.53;29.85;0
2016-6-27;29.8;30.03;29.76;29.97;0
2016-6-28;29.87;30.14;29.77;30.14;0
2016-6-29;30.18;30.45;30.14;30.43;0
2016-6-30;30.44;30.56;30.29;30.31;0
2016-7-1;30.41;30.54;30.33;30.45;0
2016-7-4;30.39;30.9;30.33;30.69;0
2016-7-5;30.8;30.85;30.61;30.67;0
2016-7-6;30.61;30.68;30.42;30.6;0
2016-7-7;30.56;30.6;30.42;30.56;0
2016-7-8;30.56;30.57;30.38;30.4;0
2016-7-11;30.43;30.58;30.38;30.41;0
2016-7-12;30.43;31.05;30.42;31;0
2016-7-13;31.18;31.37;30.89;31.05;0
2016-7-14;31.03;31.09;30.88;31.08;0
2016-7-15;31.09;31.28;31.01;31.17;0
2016-7-18;31.25;31.56;31.2;31.27;0
2016-7-19;31.27;31.27;30.81;30.97;0
2016-7-20;31.01;31.04;30.73;30.9;0
2016-7-21;30.9;31.23;30.9;31.13;0
2016-7-22;31.09;31.12;30.83;30.89;0
2016-7-25;30.89;30.99;30.82;30.89;0
2016-7-26;30.89;31.22;30.85;31.1;0
2016-7-27;31.13;31.37;30.44;31.36;0
2016-7-28;31.11;31.26;31;31.04;0
2016-7-29;31.08;31.18;30.9;30.96;0
2016-8-1;30.89;30.99;30.8;30.88;0
2016-8-2;30.89;30.97;30.8;30.88;0
2016-8-3;30.73;30.88;30.7;30.78;0
2016-8-4;30.78;30.8;30.62;30.75;0
2016-8-5;30.76;30.85;30.71;30.78;0
2016-8-8;30.83;30.89;30.7;30.87;0
2016-8-9;30.92;31.24;30.92;31.12;0
2016-8-10;31.13;31.35;31.1;31.12;0
2016-8-11;31.09;31.95;31.09;31.36;0
2016-8-12;31.38;32.04;31.33;32.02;0
2016-8-15;32.09;33.7;32.02;33.06;0
2016-8-16;33.29;33.4;32.42;32.44;0
2016-8-17;32.57;32.64;32.21;32.49;0
2016-8-18;32.81;33.38;32.64;32.93;0
2016-8-19;32.98;33.15;32.68;33.02;0
2016-8-22;33.1;33.17;32.74;32.96;0
2016-8-23;32.92;33.65;32.92;33.32;0
2016-8-24;33.37;33.4;32.82;32.84;0
2016-8-25;32.53;32.67;32.33;32.61;0
2016-8-26;32.67;32.91;32.56;32.61;0
2016-8-29;32.53;32.82;32.25;32.77;0
2016-8-30;32.79;32.96;32.58;32.72;0
2016-8-31;32.7;32.88;32.55;32.73;0
2016-9-1;32.72;33.04;32.67;32.87;0
2016-9-2;32.85;33.37;32.74;33.34;0
2016-9-5;33.37;33.62;33.19;33.44;0
2016-9-6;33.4;34.08;33.32;33.8;0
2016-9-7;33.85;34.31;33.84;33.87;0
2016-9-8;33.86;34.23;33.8;34.04;0
2016-9-9;34.08;34.48;33.94;34.11;0
2016-9-12;33.58;33.81;32.9;33.79;0
2016-9-13;33.65;33.65;33.09;33.4;0
2016-9-14;33.19;33.29;32.87;33;0
2016-9-19;33.09;33.79;33.09;33.64;0
2016-9-20;33.64;33.64;33.48;33.53;0
2016-9-21;33.56;33.65;33.17;33.35;0
2016-9-22;33.49;34.03;33.49;33.68;0
2016-9-23;33.72;33.86;33.4;33.56;0
2016-9-26;33.44;33.46;33.03;33.07;0
2016-9-27;32.93;33.09;32.89;33.05;0
2016-9-28;33.07;33.07;32.82;32.84;0
2016-9-29;32.95;33.13;32.85;32.89;0
2016-9-30;32.8;32.97;32.77;32.86;0
2016-10-10;33.15;33.48;33;33.29;0
2016-10-11;33.3;33.43;32.95;33.07;0
2016-10-12;32.96;33.13;32.9;33;0
2016-10-13;32.92;33.02;32.72;32.82;0
2016-10-14;32.83;32.88;32.76;32.81;0
2016-10-17;32.82;32.88;32.59;32.65;0
2016-10-18;32.59;32.99;32.59;32.9;0
2016-10-19;32.94;32.97;32.8;32.82;0
2016-10-20;32.86;32.94;32.81;32.84;0
2016-10-21;32.82;32.98;32.76;32.92;0
2016-10-24;32.92;33.47;32.85;33.18;0
2016-10-25;33.25;33.3;33.09;33.24;0
2016-10-26;33.25;33.32;33.08;33.11;0
2016-10-27;33.11;33.12;32.8;32.89;0
2016-10-28;33.09;33.41;33.05;33.22;0
2016-10-31;33.09;33.33;32.9;33.29;0
2016-11-1;33.31;33.77;33.19;33.73;0
2016-11-2;33.56;33.65;33.23;33.29;0
2016-11-3;33.28;33.76;33.21;33.64;0
2016-11-4;33.55;33.82;33.54;33.6;0
2016-11-7;33.65;33.72;33.55;33.66;0
2016-11-8;33.78;33.84;33.55;33.67;0
2016-11-9;33.67;33.68;33.03;33.39;0
2016-11-10;33.59;33.86;33.53;33.61;0
2016-11-11;33.62;33.9;33.54;33.66;0
2016-11-14;33.59;33.8;33.55;33.62;0
2016-11-15;33.65;33.68;33.57;33.63;0
2016-11-16;33.67;33.77;33.58;33.69;0
2016-11-17;33.66;33.69;33.48;33.67;0
2016-11-18;33.67;33.73;33.61;33.68;0
2016-11-21;33.62;34.97;33.62;34.54;0
2016-11-22;34.45;35.06;34.45;34.75;0
2016-11-23;34.84;34.97;34.59;34.61;0
2016-11-24;34.61;35.24;34.61;35.04;0
2016-11-25;35.04;35.4;34.8;35.38;0
2016-11-28;35.6;35.95;35.15;35.22;0
2016-11-29;35.22;35.88;35.06;35.37;0
2016-11-30;35.41;35.68;34.85;34.95;0
2016-12-1;34.97;35.33;34.86;35.04;0
2016-12-2;35.04;35.05;34.6;34.89;0
2016-12-5;34.59;34.91;34.51;34.88;0
2016-12-6;34.81;35.08;34.76;34.8;0
2016-12-7;34.8;35.25;34.7;35.07;0
2016-12-8;35.22;35.33;35.05;35.11;0
2016-12-9;35.25;35.74;35.09;35.46;0
2016-12-12;35.71;36.33;35.31;35.5;0
2016-12-13;35.4;35.54;35.15;35.26;0
2016-12-14;35.24;36.07;35.22;35.62;0
2016-12-15;35.38;35.49;34.08;34.25;0
2016-12-16;34.11;34.41;34.05;34.13;0
2016-12-19;34.13;34.25;33.97;34.05;0
2016-12-20;34.07;34.1;33.14;33.34;0
2016-12-21;33.53;33.72;33.29;33.42;0
2016-12-22;33.34;33.6;33.09;33.45;0
2016-12-23;33.37;33.45;33.09;33.41;0
2016-12-26;33.24;33.82;33.04;33.79;0
2016-12-27;33.67;34;33.65;33.92;0
2016-12-28;33.86;33.98;33.66;33.95;0
2016-12-29;33.81;33.95;33.7;33.8;0
2016-12-30;33.93;34.1;33.78;34.08;0
2017-1-3;34;34.64;33.98;34.32;0
2017-1-4;34.33;34.43;34.16;34.3;0
2017-1-5;34.37;34.57;34.32;34.37;0
2017-1-6;34.37;34.53;34.01;34.09;0
2017-1-9;34.12;34.2;33.93;34.07;0
2017-1-10;34.09;34.14;33.86;33.89;0
2017-1-11;33.91;34.08;33.77;33.89;0
2017-1-12;33.96;34.07;33.81;33.87;0
2017-1-13;33.89;34.54;33.85;34.21;0
2017-1-16;34.21;34.9;33.87;34.81;0
2017-1-17;34.7;34.96;34.53;34.61;0
2017-1-18;34.7;35.06;34.69;34.83;0
2017-1-19;34.76;34.99;34.56;34.68;0
2017-1-20;34.68;34.9;34.64;34.88;0
2017-1-23;34.88;35.04;34.67;34.82;0
2017-1-24;34.82;34.95;34.73;34.81;0
2017-1-25;34.82;35.06;34.72;35.05;0
2017-1-26;35.06;35.4;35.06;35.12;0
2017-2-3;35.11;35.11;34.25;34.27;0
2017-2-6;34.38;34.66;34.18;34.57;0
2017-2-7;34.63;34.86;34.56;34.69;0
2017-2-8;34.67;34.71;34.34;34.65;0
2017-2-9;34.7;34.99;34.63;34.74;0
2017-2-10;34.83;34.96;34.73;34.82;0
2017-2-13;34.91;35.03;34.8;34.93;0
2017-2-14;35.02;35.02;34.58;34.73;0
2017-2-15;34.89;35.09;34.83;34.94;0
2017-2-16;35.04;35.05;34.81;34.92;0
2017-2-17;34.98;35.27;34.82;34.88;0
2017-2-20;34.93;35.49;34.87;35.42;0
2017-2-21;35.43;35.77;35.31;35.37;0
2017-2-22;35.48;35.52;35.28;35.42;0
2017-2-23;35.37;35.49;35.06;35.13;0
2017-2-24;35.14;35.18;34.98;35.17;0
2017-2-27;35.12;35.25;34.83;34.94;0
2017-2-28;34.94;35.06;34.81;34.85;0
2017-3-1;34.88;34.94;34.76;34.79;0
2017-3-2;34.96;34.96;34.48;34.5;0
2017-3-3;34.44;34.57;34.35;34.49;0
2017-3-6;34.45;34.57;34.39;34.47;0
2017-3-7;34.47;34.6;34.44;34.59;0
2017-3-8;34.54;34.56;34.41;34.46;0
2017-3-9;34.41;34.44;34.15;34.42;0
2017-3-10;34.35;34.41;34.23;34.25;0
2017-3-13;34.25;34.67;34.21;34.6;0
2017-3-14;34.62;34.76;34.45;34.57;0
2017-3-15;34.52;34.63;34.4;34.59;0
2017-3-16;34.73;34.86;34.6;34.7;0
2017-3-17;34.75;34.84;34.27;34.39;0
2017-3-20;34.4;34.59;34.3;34.47;0
2017-3-21;34.66;34.91;34.51;34.89;0
2017-3-22;34.72;34.85;34.45;34.63;0
2017-3-23;34.81;35.53;34.77;35.18;0
2017-3-24;35.26;35.7;34.82;35.16;0
2017-3-27;35.12;35.86;35.11;35.34;0
2017-3-28;35.37;35.57;35.22;35.33;0
2017-3-29;35.49;35.63;35.3;35.38;0
2017-3-30;35.31;35.39;35.02;35.35;0
2017-3-31;35.29;35.73;35.19;35.6;0
2017-4-5;35.69;35.88;35.58;35.69;0
2017-4-6;35.7;35.72;35.38;35.56;0
2017-4-7;35.54;35.6;35.17;35.21;0
2017-4-10;35.17;35.31;35;35.06;0
2017-4-11;35.06;35.21;34.48;34.81;0
2017-4-12;34.8;34.94;33.57;34.64;0
2017-4-13;34.44;34.72;34.44;34.54;0
2017-4-14;34.54;34.67;34.3;34.53;0
2017-4-17;34.45;34.7;34.31;34.65;0
2017-4-18;34.63;34.72;34.31;34.34;0
2017-4-19;34.32;34.49;34.12;34.16;0
2017-4-20;34.3;34.55;34.21;34.44;0
2017-4-21;34.45;34.88;34.3;34.72;0
2017-4-24;34.72;34.88;34.62;34.8;0
2017-4-25;34.8;35.17;34.75;35.09;0
2017-4-26;35.18;36.48;35.08;36.08;0
2017-4-27;36.07;36.81;36.02;36.38;0
2017-4-28;36.46;36.62;36.18;36.52;0
2017-5-2;36.36;36.92;36.36;36.47;0
2017-5-3;36.51;36.83;36.38;36.56;0
2017-5-4;36.51;36.65;36.3;36.38;0
2017-5-5;36.27;36.42;35.79;35.84;0
2017-5-8;35.84;36.67;35.82;36.35;0
2017-5-9;36.28;36.63;36.28;36.55;0
2017-5-10;36.58;38.53;36.57;38.33;0
2017-5-11;38.29;38.57;38.06;38.26;0
2017-5-12;38.19;39.73;38.19;39.39;0
2017-5-15;39.65;40.37;39.08;39.35;0
2017-5-16;39.35;39.73;39.13;39.53;0
2017-5-17;39.44;39.53;38.66;38.88;0
2017-5-18;38.54;39.52;38.54;39.08;0
2017-5-19;39.05;39.76;39.05;39.45;0
2017-5-22;39.47;41.39;39.47;41.21;0
2017-5-23;41.37;42.5;41.22;41.53;0
2017-5-24;41.37;41.89;40.38;41.39;0
2017-5-25;41.37;43.83;41.32;43.76;0
2017-5-26;43.67;44.11;43.16;43.46;0
2017-5-31;43.29;45.34;43.12;43.36;0
2017-6-1;43.67;44.25;43.19;44.22;0
2017-6-2;44.15;44.61;42.93;43.25;0
2017-6-5;43.21;43.43;42.4;42.97;0
2017-6-6;42.91;44.35;42.91;44.28;0
2017-6-7;44.44;45.1;43.97;44.23;0
2017-6-8;44.16;45.84;44.08;45.81;0
2017-6-9;45.89;46.92;45.69;46.31;0
2017-6-12;46.2;47.75;46.2;47.07;0
2017-6-13;46.9;47.33;46.08;46.6;0
2017-6-14;46.78;46.98;45.21;45.42;0
2017-6-15;45.4;45.67;44.17;44.43;0
2017-6-16;44.35;45.39;44.35;44.93;0
2017-6-19;45.18;46.78;44.92;46.71;0
2017-6-20;46.92;47.07;45.86;46.27;0
2017-6-21;46.46;47.68;45.75;47.55;0
2017-6-22;47.33;48.55;47.19;47.27;0
2017-6-23;47.37;48;46.94;47.83;0
2017-6-26;48.09;48.84;47.47;47.83;0
2017-6-27;47.81;48.05;47.07;48.02;0
2017-6-28;47.81;47.85;46.71;46.76;0
2017-6-29;46.95;48.15;46.54;48.06;0
2017-6-30;47.91;48.29;47.41;47.72;0
2017-7-3;47.91;47.91;46.71;47.08;0
2017-7-4;46.95;46.98;46.09;46.1;0
2017-7-5;46.18;48.77;46.18;48.5;0
2017-7-6;48.5;50.02;48.17;49.44;0
2017-7-7;49.21;49.66;48.61;49.07;0
2017-7-10;49.08;49.99;48.76;49.19;0
2017-7-11;49.41;50.58;49.22;49.82;0
2017-7-12;49.95;51.05;49.03;49.22;0
2017-7-13;49.58;50.43;49.43;50.21;0
2017-7-14;50.27;51.34;49.89;51.32;0
2017-7-17;51.55;53.57;50.98;52.42;0
2017-7-18;52.12;52.77;51.06;52;0
2017-7-19;52.2;52.98;51.65;52.36;0
2017-7-20;52.08;52.66;51.37;52.52;0
2017-7-21;51.73;51.81;50.47;50.53;0
2017-7-24;50.65;51.64;50.26;51.16;0
2017-7-25;51.17;51.59;50.74;50.87;0
2017-7-26;50.67;51.05;49.87;50.46;0
2017-7-27;50.42;51.29;49.68;50.92;0
2017-7-28;50.76;51.02;50.37;50.46;0
2017-7-31;50.45;51.19;49.99;50.59;0
2017-8-1;50.76;53.39;50.76;53.34;0
2017-8-2;53.3;53.31;52.4;52.55;0
2017-8-3;52.55;52.98;51.42;51.46;0
2017-8-4;51.53;51.73;50.42;50.51;0
2017-8-7;50.48;51.38;50.11;50.88;0
2017-8-8;50.86;51.11;50.48;51.01;0
2017-8-9;50.91;51.38;50.57;50.63;0
2017-8-10;50.64;51.01;49.12;49.33;0
2017-8-11;48.82;49.33;48.17;48.21;0
2017-8-14;48.61;49.6;48.27;49.1;0
2017-8-15;49.4;50.14;49.21;49.5;0
2017-8-16;49.45;49.88;49.14;49.8;0
2017-8-17;50.05;50.4;49.47;49.69;0
2017-8-18;50.96;52.38;50.2;51.71;0
2017-8-21;51.93;52.79;51.33;51.57;0
2017-8-22;51.94;53.74;51.85;53.68;0
2017-8-23;53.5;54.29;53.31;53.87;0
2017-8-24;54.02;54.73;53.44;53.6;0
2017-8-25;53.39;54.67;53.33;54.29;0
2017-8-28;54.44;56.16;54.44;54.65;0
2017-8-29;54.56;55.67;54.34;55.49;0
2017-8-30;55.43;56.04;54.71;54.86;0
2017-8-31;54.78;55.1;54.02;54.49;0
2017-9-1;54.51;55.47;54.07;54.62;0
2017-9-4;54.47;54.52;53.78;54.11;0
2017-9-5;54.36;55.54;54.07;55.23;0
2017-9-6;55;55.32;54.05;54.36;0
2017-9-7;54.55;54.77;53.8;53.88;0
2017-9-8;53.87;54.48;53.8;53.99;0
2017-9-11;54.17;54.93;52.91;52.97;0
2017-9-12;53.46;53.84;52.6;53.78;0
2017-9-13;53.77;54.32;53.31;54.03;0
2017-9-14;54.06;54.21;52.89;53;0
2017-9-15;53.07;53.18;52.15;52.38;0
2017-9-18;52.27;53.46;52.27;52.3;0
2017-9-19;52.68;53.02;52.11;52.45;0
2017-9-20;52.44;52.69;52;52.08;0
2017-9-21;52.16;53.22;52.01;52.81;0
2017-9-22;52.54;53.33;52.51;53.02;0
2017-9-25;53.03;53.7;52.81;53.14;0
2017-9-26;52.97;53.31;52.94;53.23;0
2017-9-27;53.08;53.22;52.45;52.59;0
2017-9-28;52.59;52.96;52.32;52.73;0
2017-9-29;52.71;53.33;52.43;53.14;0
2017-10-9;55.04;55.44;53.68;53.73;0
2017-10-10;53.83;54.48;52.8;53.89;0
2017-10-11;53.87;54.67;53.52;54.27;0
2017-10-12;54.16;56.11;54.08;56.04;0
2017-10-13;55.84;56.35;55.66;56.01;0
2017-10-16;56.42;57.45;56.02;56.09;0
2017-10-17;56.33;57.16;56.12;56.85;0
2017-10-18;56.97;57.92;56.78;57.87;0
2017-10-19;57.95;58.82;57.69;58.47;0
2017-10-20;57.89;58.33;57.54;57.91;0
2017-10-23;58.61;59.05;58.09;58.75;0
2017-10-24;58.65;59.91;58.51;59.07;0
2017-10-25;58.97;59.3;58.59;58.95;0
2017-10-26;58.87;61.09;58.73;60.24;0
2017-10-27;60.34;62.78;60.32;62.73;0
2017-10-30;62.8;64.07;61.94;62.86;0
2017-10-31;62.31;63.29;62.12;63.15;0
2017-11-1;63.26;65.03;62.52;62.91;0
2017-11-2;62.99;63.18;61.82;62.93;0
2017-11-3;62.8;63.62;62.29;63.24;0
2017-11-6;63.47;63.48;61.74;62.81;0
2017-11-7;63.09;65.32;63.09;64.14;0
2017-11-8;64.17;65.1;63.11;63.39;0
2017-11-9;63.29;65.14;63.19;65.08;0
2017-11-10;64.76;68.63;64.69;68.58;0
2017-11-13;68.78;69.24;68.17;68.83;0
2017-11-14;69.36;69.95;68.46;69.1;0
2017-11-15;68.66;69.11;67.3;67.9;0
2017-11-16;67.51;71.74;67.46;71.64;0
2017-11-17;71.33;73.9;70.45;73.85;0
2017-11-20;73.37;75.05;72.68;74.29;0
2017-11-21;73.72;78.18;73.72;76.96;0
2017-11-22;78;78.46;75.14;75.99;0
2017-11-23;75.16;76.96;72.31;72.92;0
2017-11-24;72.76;74.04;71.34;73.22;0
2017-11-27;73.3;73.49;70.2;72.17;0
2017-11-28;71.33;72.16;70.53;71.36;0
2017-11-29;72.16;72.79;69.92;71.06;0
2017-11-30;70.03;70.32;68.24;68.61;0
2017-12-1;68.34;68.86;66.63;66.82;0
2017-12-4;66.33;69.03;66.1;68.09;0
2017-12-5;67.6;70.16;67.49;69.86;0
2017-12-6;69.57;69.76;66.72;68.09;0
2017-12-7;68.05;68.5;66.33;67.35;0
2017-12-8;67.64;70.51;67.37;70.15;0
2017-12-11;69.86;71.93;69.49;71.87;0
2017-12-12;71.87;72.18;69.83;69.87;0
2017-12-13;69.87;71.25;68.88;70.76;0
2017-12-14;70.76;70.8;69.27;69.67;0
2017-12-15;69.36;70.1;68.73;69.06;0
2017-12-18;68.89;70.58;68.89;69.34;0
2017-12-19;69.58;72.25;69.38;72.2;0
2017-12-20;72.11;73.19;71.71;72.55;0
2017-12-21;72.26;74.16;71.83;73.5;0
2017-12-22;73.39;73.79;72.25;72.63;0
2017-12-25;72.67;74.74;71.99;72.77;0
2017-12-26;72.72;73.16;71.51;72.55;0
2017-12-27;72.07;72.07;68.7;69.03;0
2017-12-28;68.98;70.08;68.36;69.26;0
2017-12-29;69.75;70.18;68.19;68.66;0
2018-1-2;68.89;71.43;68.86;71.22;0
2018-1-3;72.02;72.51;68.79;69.64;0
2018-1-4;69.68;70.84;69.22;69.84;0
2018-1-5;70.24;70.53;69.13;69.56;0
2018-1-8;69.46;69.46;68.02;68.69;0
2018-1-9;68.98;70.72;68.71;70.52;0
2018-1-10;70.25;70.52;69.38;70.37;0
2018-1-11;69.71;71.74;69.66;71.28;0
2018-1-12;71.29;73.1;70.97;73.01;0
2018-1-15;73.93;77.02;73.93;76.19;0
2018-1-16;76.22;77.99;75.75;76.35;0
2018-1-17;76.63;77.86;75.06;75.89;0
2018-1-18;77.08;78.6;75.63;76.15;0
2018-1-19;76.83;77.57;75.44;76.13;0
2018-1-22;75.66;77.71;75.6;77.26;0
2018-1-23;78.79;79.75;76.82;77.28;0
2018-1-24;77.51;77.95;74.94;75;0
2018-1-25;74.5;74.56;73.39;73.87;0
2018-1-26;73.88;75.4;73.8;74.67;0
2018-1-29;75.22;75.26;71.52;71.98;0
2018-1-30;71.53;72.96;71.43;72;0
2018-1-31;71.28;73.74;71.16;73.67;0
2018-2-1;73.59;74.18;72.66;74.06;0
2018-2-2;73.46;74.94;72.74;74.58;0
2018-2-5;73;74.52;72.9;74.29;0
2018-2-6;72.46;73.3;71.14;72.38;0
2018-2-7;73.2;73.25;69.17;70.04;0
2018-2-8;69.28;70.16;67.08;67.69;0
2018-2-9;65.25;65.71;61.03;63.22;0
2018-2-12;63.44;64.42;62.8;63.74;0
2018-2-13;64.96;67.06;64.82;65.76;0
2018-2-14;66.23;67.89;65.94;67.59;0
2018-2-22;68.91;69.1;67.93;68.46;0
2018-2-23;68.93;70.12;68.52;69.31;0
2018-2-26;69.65;70.23;68.29;69.47;0
2018-2-27;69.68;69.85;68.16;68.5;0
2018-2-28;67.9;67.94;66.43;66.49;0
2018-3-1;65.92;68.08;65.62;67.63;0
2018-3-2;66.72;67.37;66.18;66.41;0
2018-3-5;66.39;67.3;65.74;66.6;0
2018-3-6;67.11;68.09;66.13;68.02;0
2018-3-7;67.68;68.86;66.9;67.49;0
2018-3-8;67.76;69.51;67.47;69.21;0
2018-3-9;69.66;70.12;68.99;69.56;0
2018-3-12;70.25;70.51;69.27;69.78;0
2018-3-13;69.86;70.01;67.88;68.11;0
2018-3-14;67.56;67.9;66.98;67.53;0
2018-3-15;67.12;69.37;67.11;69.16;0
2018-3-16;69.37;70.6;69.13;69.18;0
2018-3-19;69.56;72.49;69.15;72.42;0
2018-3-20;71.73;72.79;71.33;72.7;0
2018-3-21;75.26;75.27;71.66;72.43;0
2018-3-22;72.13;72.78;70.33;71.51;0
2018-3-23;68.68;69.44;68.11;68.98;0
2018-3-26;67.9;68.65;65.72;67;0
2018-3-27;68.27;68.35;66.23;66.88;0
2018-3-28;65.74;66.41;63.66;64.17;0
2018-3-29;64.19;66.01;62.32;65.14;0
2018-3-30;64.77;65.02;63.58;64.08;0
2018-4-2;63.04;65;63.01;63.44;0
2018-4-3;62.75;63.73;62.64;63.3;0
2018-4-4;63.68;64.35;62.78;63.34;0
2018-4-9;63.77;64.75;62.85;64.72;0
2018-4-10;64.45;67.11;64.16;66.97;0
2018-4-11;67.02;67.28;66.21;66.4;0
2018-4-12;66.63;66.69;65.44;65.47;0
2018-4-13;66.16;66.18;64.81;64.94;0
2018-4-16;64.77;65.41;62.68;63.09;0
2018-4-17;63.23;63.64;61.65;61.94;0
2018-4-18;62.58;62.75;61.42;62.32;0
2018-4-19;62.7;63.73;62.46;63.27;0
2018-4-20;62.99;63.65;62.32;62.94;0
2018-4-23;62.94;63.93;62.58;63.77;0
2018-4-24;64.17;65.8;64.05;65.31;0
2018-4-25;64.8;65.21;64.08;64.27;0
2018-4-26;64.44;64.65;61.63;61.93;0
2018-4-27;62.35;62.53;57.24;59.74;0
2018-5-2;60.21;60.63;59.61;60.19;0
2018-5-3;59.74;60.42;58.77;60.28;0
2018-5-4;60.18;60.48;59.5;59.57;0
2018-5-7;59.41;60.31;58.59;60.04;0
2018-5-8;60.21;62.68;60.09;61.89;0
2018-5-9;61.91;62.21;61.34;61.77;0
2018-5-10;62.11;62.55;61.43;61.99;0
2018-5-11;62.38;62.46;61.63;61.91;0
2018-5-14;62.5;63.37;62.31;62.89;0
2018-5-15;63.29;63.38;62.21;62.77;0
2018-5-16;62.48;62.72;61.45;61.63;0
2018-5-17;61.9;62;60.78;60.83;0
2018-5-18;60.72;61.93;60.43;61.85;0
2018-5-21;62.35;62.94;62.08;62.46;0
2018-5-22;62.38;62.64;61.32;61.83;0
2018-5-23;61.77;61.77;60.51;60.6;0
2018-5-24;60.79;61.1;60.01;60.07;0
2018-5-25;60.23;61.01;60.19;60.37;0
2018-5-28;60.64;61.7;60.39;61.32;0
2018-5-29;61.15;61.48;60.15;61.21;0
2018-5-30;60.16;60.54;59.44;59.51;0
2018-5-31;59.96;61.01;59.57;60.96;0
2018-6-1;60.75;61.02;60.13;60.48;0
2018-6-4;60.93;62.51;60.74;62.34;0
2018-6-5;62.39;63.78;62.02;63.37;0
2018-6-6;63.22;63.24;62.51;62.61;0
2018-6-7;63.27;64.54;63.02;63.24;0
2018-6-8;62.97;63.24;61.95;62.39;0
2018-6-11;62.25;63.2;61.85;63.03;0
2018-6-12;63.2;64.25;62.82;63.9;0
2018-6-13;63.8;63.91;63.35;63.75;0
2018-6-14;63.58;65.35;63.45;64.44;0
2018-6-15;64.1;65.16;64.02;64.63;0
2018-6-19;63.8;64.2;61.8;62.09;0
2018-6-20;61.9;62.54;60.78;61.85;0
2018-6-21;61.86;62.56;61;61.09;0
2018-6-22;60.6;61.5;60.6;61.07;0
2018-6-25;61.28;61.35;59.6;59.79;0
2018-6-26;59.1;59.61;57.8;59.24;0
2018-6-27;59.1;59.45;57.44;57.5;0
2018-6-28;57.11;57.95;56.53;56.83;0
2018-6-29;57.12;58.63;57.1;58.58;0
2018-7-2;58.28;58.28;54.65;55.22;0
2018-7-3;55.6;56.56;54.33;56.34;0
2018-7-4;56.23;56.88;55.37;55.52;0
2018-7-5;55.7;56.27;55.18;55.53;0
2018-7-6;55.98;57.65;55.54;56.94;0
2018-7-9;57.6;58.91;57.2;58.88;0
2018-7-10;59;59.05;57.55;58.18;0
2018-7-11;56.75;57.51;56.56;57.09;0
2018-7-12;57.24;58.89;57.24;58.38;0
2018-7-13;58.77;58.92;58.28;58.54;0
2018-7-16;58.3;58.78;57.38;57.72;0
2018-7-17;57.9;58.26;57.42;58.02;0
2018-7-18;58.28;59.11;57.75;57.81;0
2018-7-19;58.36;59.3;58.35;58.71;0
2018-7-20;58.6;61.61;58.23;60.84;0
2018-7-23;60.35;61.6;60.25;61.08;0
2018-7-24;61.06;63;61.03;61.74;0
2018-7-25;62.23;62.24;61.4;62.16;0
2018-7-26;62.28;62.48;60.68;60.8;0
2018-7-27;60.98;61.33;60.57;60.87;0
2018-7-30;60.9;61.92;60.75;61.56;0
2018-7-31;61.6;61.89;60.82;61.6;0
2018-8-1;61.8;62.41;59.62;59.7;0
2018-8-2;59.41;59.49;57.8;58.26;0
2018-8-3;58.43;58.76;57.78;57.82;0
2018-8-6;57.81;58.86;57.36;57.83;0
2018-8-7;58.11;59.6;57.96;59.56;0
2018-8-8;59.55;59.7;58.19;58.38;0
2018-8-9;58.38;60.99;58.18;60.62;0
2018-8-10;60.56;60.96;59.83;60.44;0
2018-8-13;59.8;59.85;58.66;59.55;0
2018-8-14;59.56;59.72;58.58;59.05;0
2018-8-15;59.03;59.05;56.67;57.03;0
2018-8-16;56.38;57.95;55.88;56.98;0
2018-8-17;57.7;57.82;56.46;56.58;0
2018-8-20;56.94;57.82;56.76;57.81;0
2018-8-21;57.86;59.65;57.86;59.42;0
2018-8-22;61.28;61.5;60.37;60.93;0
2018-8-23;61.01;62.38;61.01;62.13;0
2018-8-24;61.7;63.33;61.5;62.47;0
2018-8-27;63.08;63.68;62.72;63.47;0
2018-8-28;63.8;63.84;62.6;62.9;0
2018-8-29;62.68;63.3;62.65;63.01;0
2018-8-30;63.5;64.05;63.02;63.16;0
2018-8-31;62.4;63.43;62.2;62.98;0
